,,Name,Username,"Profile ID",Date,Likes,Comment,"User Verified",Thumbnail,"Comment ID","Profile URL","Comment URL"
1,,smollmandu,,56782352596,"2025-08-30 17:40:39",0,"Daily reminder to free the girls if you not going to take care of them!",no,https://scontent-lhr6-2.cdninstagram.com/v/t51.2885-19/505144722_17971741142888597_7930729671377691336_n.jpg?stp=dst-jpg_s150x150_tt6&efg=eyJ2ZW5jb2RlX3RhZyI6InByb2ZpbGVfcGljLmRqYW5nby4xMDgwLmMyIn0&_nc_ht=scontent-lhr6-2.cdninstagram.com&_nc_cat=105&_nc_oc=Q6cZ2QFeZRUClbxd5wZBVkQg2hs7CsWfxbdd9hH31Mji_ugN-5wI9iPOhG5njQMIz2uA63M&_nc_ohc=godNn51_PMEQ7kNvwF_fDI9&_nc_gid=H6CKwaKS1E_SKtFh13e_cA&edm=AI-cjbYBAAAA&ccb=7-5&oh=00_AfYuxwt1U8y9_eAKievDAGd3yaIV5JT5dEWJCmN0D4XYhQ&oe=68C77932&_nc_sid=0985b0,17991831812835604,https://www.instagram.com/smollmandu,https://www.instagram.com/p/DMX8Q9Ny74P/c/17991831812835604
2,,mememe223232,,69709261037,"2025-08-30 19:02:29",0,💔,no,https://scontent-lhr8-2.cdninstagram.com/v/t51.2885-19/535321536_17890342239325038_7268140813503092581_n.jpg?stp=dst-jpg_s150x150_tt6&efg=eyJ2ZW5jb2RlX3RhZyI6InByb2ZpbGVfcGljLmRqYW5nby4xMDgwLmMyIn0&_nc_ht=scontent-lhr8-2.cdninstagram.com&_nc_cat=106&_nc_oc=Q6cZ2QFeZRUClbxd5wZBVkQg2hs7CsWfxbdd9hH31Mji_ugN-5wI9iPOhG5njQMIz2uA63M&_nc_ohc=qDiSegUfQgsQ7kNvwEyY8nr&_nc_gid=H6CKwaKS1E_SKtFh13e_cA&edm=AI-cjbYBAAAA&ccb=7-5&oh=00_AfbuGPs-NPeJflnLGFKQoY9r3ZDkWZ0C8o2H2CxkayN99w&oe=68C74EC6&_nc_sid=0985b0,18071725793117817,https://www.instagram.com/mememe223232,https://www.instagram.com/p/DMX8Q9Ny74P/c/18071725793117817
3,,mxcurrie_4455,,76489285959,"2025-08-30 20:17:32",0,"I miss them so much 😭😭💔",no,https://scontent-lhr6-2.cdninstagram.com/v/t51.2885-19/541849777_17849610102549960_860666310612939189_n.jpg?stp=dst-jpg_s150x150_tt6&efg=eyJ2ZW5jb2RlX3RhZyI6InByb2ZpbGVfcGljLmRqYW5nby4xMDgwLmMyIn0&_nc_ht=scontent-lhr6-2.cdninstagram.com&_nc_cat=100&_nc_oc=Q6cZ2QFeZRUClbxd5wZBVkQg2hs7CsWfxbdd9hH31Mji_ugN-5wI9iPOhG5njQMIz2uA63M&_nc_ohc=IzyTHf-1J2kQ7kNvwFRqSsv&_nc_gid=H6CKwaKS1E_SKtFh13e_cA&edm=AI-cjbYBAAAA&ccb=7-5&oh=00_AfYHcYPSkXbKGaVj_K5y1yo24WNumsT1zjWJ_Cnj6dIgXA&oe=68C75176&_nc_sid=0985b0,18072658376118990,https://www.instagram.com/mxcurrie_4455,https://www.instagram.com/p/DMX8Q9Ny74P/c/18072658376118990
4,,minnieverse_07,,76541197525,"2025-09-02 20:41:59",0,"Enfaite faux arrêtez de faire des faux espoirs comme ça 😔😔",no,https://scontent-lhr6-1.cdninstagram.com/v/t51.2885-19/543038239_17849672664549526_3577260392937589684_n.jpg?stp=dst-jpg_s150x150_tt6&efg=eyJ2ZW5jb2RlX3RhZyI6InByb2ZpbGVfcGljLmRqYW5nby4xMDgwLmMyIn0&_nc_ht=scontent-lhr6-1.cdninstagram.com&_nc_cat=110&_nc_oc=Q6cZ2QHEV50Rk7iJV45UL9tel_lFbjpxveTYDTOynurpDBZVcgpieLeB0PWocDYTMRcoX5Q&_nc_ohc=kFQqdxN1jE0Q7kNvwEGBLEF&_nc_gid=6TfbWrEwSEGx8S4URqZeGg&edm=AI-cjbYBAAAA&ccb=7-5&oh=00_AfZH29ZJH9qhx57oP1Yp620glIDqdx2wIquefkk2n1YrTQ&oe=68C75489&_nc_sid=0985b0,17935931229072856,https://www.instagram.com/minnieverse_07,https://www.instagram.com/p/DMX8Q9Ny74P/c/17935931229072856
5,,made_rold_,,7003361423,"2025-09-02 23:23:12",0,"JAJAJA yo hasta con palomitas estoy leyendo los comentarios 😂que risa",no,https://scontent-lhr6-2.cdninstagram.com/v/t51.2885-19/541144944_18323686306233424_5957996162741694048_n.jpg?stp=dst-jpg_s150x150_tt6&efg=eyJ2ZW5jb2RlX3RhZyI6InByb2ZpbGVfcGljLmRqYW5nby4xMDgwLmMyIn0&_nc_ht=scontent-lhr6-2.cdninstagram.com&_nc_cat=104&_nc_oc=Q6cZ2QHEV50Rk7iJV45UL9tel_lFbjpxveTYDTOynurpDBZVcgpieLeB0PWocDYTMRcoX5Q&_nc_ohc=A8bIwy71SDEQ7kNvwGkxh96&_nc_gid=6TfbWrEwSEGx8S4URqZeGg&edm=AI-cjbYBAAAA&ccb=7-5&oh=00_AfZqozQJe4YkxT7lSqKWdS8Qh3oP7bZqLAL2owoMS8GB7g&oe=68C77315&_nc_sid=0985b0,17913102177190710,https://www.instagram.com/made_rold_,https://www.instagram.com/p/DMX8Q9Ny74P/c/17913102177190710
6,,lovy_kittyy,,70961762072,"2025-09-02 23:37:16",0,"I hope NEW JEANS can LEAVE HYBE AND ADOR!!!!!!!!",no,https://scontent-lhr6-1.cdninstagram.com/v/t51.2885-19/540031209_17883746337362073_8733975466968484808_n.jpg?stp=dst-jpg_s150x150_tt6&efg=eyJ2ZW5jb2RlX3RhZyI6InByb2ZpbGVfcGljLmRqYW5nby4xMDgwLmMyIn0&_nc_ht=scontent-lhr6-1.cdninstagram.com&_nc_cat=109&_nc_oc=Q6cZ2QHEV50Rk7iJV45UL9tel_lFbjpxveTYDTOynurpDBZVcgpieLeB0PWocDYTMRcoX5Q&_nc_ohc=5GEjc-vj54MQ7kNvwHMTTom&_nc_gid=6TfbWrEwSEGx8S4URqZeGg&edm=AI-cjbYBAAAA&ccb=7-5&oh=00_AfZ5RpvDiMPoK7PQnGs_rvSv8dhKY3ULbXkD7YapGlmoqA&oe=68C75CA7&_nc_sid=0985b0,18083398204723148,https://www.instagram.com/lovy_kittyy,https://www.instagram.com/p/DMX8Q9Ny74P/c/18083398204723148
7,,xo._claire._,,60526408085,"2025-09-03 01:19:03",0,"i miss my baby’s 💔 come back yall",no,https://scontent-lhr8-2.cdninstagram.com/v/t51.2885-19/500431798_17934068595016086_5741448887201491001_n.jpg?stp=dst-jpg_s150x150_tt6&efg=eyJ2ZW5jb2RlX3RhZyI6InByb2ZpbGVfcGljLmRqYW5nby4xMDgwLmMyIn0&_nc_ht=scontent-lhr8-2.cdninstagram.com&_nc_cat=106&_nc_oc=Q6cZ2QHEV50Rk7iJV45UL9tel_lFbjpxveTYDTOynurpDBZVcgpieLeB0PWocDYTMRcoX5Q&_nc_ohc=oc5XLSHWiacQ7kNvwG68a5s&_nc_gid=6TfbWrEwSEGx8S4URqZeGg&edm=AI-cjbYBAAAA&ccb=7-5&oh=00_AfabP7YMEKfaB6BfQFlzztbEcT-FKgT8DbOSSfiwjZ0zFQ&oe=68C74DE0&_nc_sid=0985b0,18140064070426369,https://www.instagram.com/xo._claire._,https://www.instagram.com/p/DMX8Q9Ny74P/c/18140064070426369
8,,miku.bordoloi,,63141801699,"2025-09-03 04:55:45",0,❤️❤️😭😭😭,no,https://scontent-lhr8-2.cdninstagram.com/v/t51.2885-19/410116141_1144979693139099_1024922203633934888_n.jpg?stp=dst-jpg_s150x150_tt6&efg=eyJ2ZW5jb2RlX3RhZyI6InByb2ZpbGVfcGljLmRqYW5nby43NTMuYzIifQ&_nc_ht=scontent-lhr8-2.cdninstagram.com&_nc_cat=103&_nc_oc=Q6cZ2QHEV50Rk7iJV45UL9tel_lFbjpxveTYDTOynurpDBZVcgpieLeB0PWocDYTMRcoX5Q&_nc_ohc=Bs5jHu0BZNQQ7kNvwHeXigU&_nc_gid=6TfbWrEwSEGx8S4URqZeGg&edm=AI-cjbYBAAAA&ccb=7-5&oh=00_AfasGntrumg1u4dA34Xz1ya7IfCWEFSqYHYPlh9QYxRElA&oe=68C77C4E&_nc_sid=0985b0,18077942329985979,https://www.instagram.com/miku.bordoloi,https://www.instagram.com/p/DMX8Q9Ny74P/c/18077942329985979
9,,a1rightx,,76239378667,"2025-09-03 05:02:51",0,"f bdor  gtfo",no,https://scontent-lhr6-2.cdninstagram.com/v/t51.2885-19/538155269_17850449889538668_2586249567523471921_n.jpg?stp=dst-jpg_s150x150_tt6&efg=eyJ2ZW5jb2RlX3RhZyI6InByb2ZpbGVfcGljLmRqYW5nby4xMDgwLmMyIn0&_nc_ht=scontent-lhr6-2.cdninstagram.com&_nc_cat=100&_nc_oc=Q6cZ2QHEV50Rk7iJV45UL9tel_lFbjpxveTYDTOynurpDBZVcgpieLeB0PWocDYTMRcoX5Q&_nc_ohc=HAEx3A8A6FsQ7kNvwEUOg5M&_nc_gid=6TfbWrEwSEGx8S4URqZeGg&edm=AI-cjbYBAAAA&ccb=7-5&oh=00_AfbL0pmkyC_cfFYkVdnyFJF07NipA1g8zd8EYqzcr2aGlw&oe=68C76611&_nc_sid=0985b0,17875081116311539,https://www.instagram.com/a1rightx,https://www.instagram.com/p/DMX8Q9Ny74P/c/17875081116311539
10,,dive.since.2022.stan.ive.n.ate,,75810251931,"2025-09-03 06:33:05",0,"Not gonna happen anytime soon",no,https://scontent-lhr6-2.cdninstagram.com/v/t51.2885-19/530851664_17851084095523932_2664575859465777501_n.jpg?stp=dst-jpg_s150x150_tt6&efg=eyJ2ZW5jb2RlX3RhZyI6InByb2ZpbGVfcGljLmRqYW5nby44NjQuYzIifQ&_nc_ht=scontent-lhr6-2.cdninstagram.com&_nc_cat=100&_nc_oc=Q6cZ2QHEV50Rk7iJV45UL9tel_lFbjpxveTYDTOynurpDBZVcgpieLeB0PWocDYTMRcoX5Q&_nc_ohc=HE0lrNLe8WoQ7kNvwGVRmH6&_nc_gid=6TfbWrEwSEGx8S4URqZeGg&edm=AI-cjbYBAAAA&ccb=7-5&oh=00_Afa_SjplRetMZmOCMksQH7K717ACv9B4Jq55nvWvWvVb-g&oe=68C75EE6&_nc_sid=0985b0,17865036558451184,https://www.instagram.com/dive.since.2022.stan.ive.n.ate,https://www.instagram.com/p/DMX8Q9Ny74P/c/17865036558451184
11,,dive.since.2022.stan.ive.n.ate,,75810251931,"2025-09-03 06:33:49",0,"Guys school is almost starting, Will I survive? Not without newjeans",no,https://scontent-lhr6-2.cdninstagram.com/v/t51.2885-19/530851664_17851084095523932_2664575859465777501_n.jpg?stp=dst-jpg_s150x150_tt6&efg=eyJ2ZW5jb2RlX3RhZyI6InByb2ZpbGVfcGljLmRqYW5nby44NjQuYzIifQ&_nc_ht=scontent-lhr6-2.cdninstagram.com&_nc_cat=100&_nc_oc=Q6cZ2QHEV50Rk7iJV45UL9tel_lFbjpxveTYDTOynurpDBZVcgpieLeB0PWocDYTMRcoX5Q&_nc_ohc=HE0lrNLe8WoQ7kNvwGVRmH6&_nc_gid=6TfbWrEwSEGx8S4URqZeGg&edm=AI-cjbYBAAAA&ccb=7-5&oh=00_Afa_SjplRetMZmOCMksQH7K717ACv9B4Jq55nvWvWvVb-g&oe=68C75EE6&_nc_sid=0985b0,17921921238137202,https://www.instagram.com/dive.since.2022.stan.ive.n.ate,https://www.instagram.com/p/DMX8Q9Ny74P/c/17921921238137202
12,,dive.since.2022.stan.ive.n.ate,,75810251931,"2025-09-03 06:33:52",0,"@dive.since.2022.stan.ive.n.ate 😢😢",no,https://scontent-lhr6-2.cdninstagram.com/v/t51.2885-19/530851664_17851084095523932_2664575859465777501_n.jpg?stp=dst-jpg_s150x150_tt6&efg=eyJ2ZW5jb2RlX3RhZyI6InByb2ZpbGVfcGljLmRqYW5nby44NjQuYzIifQ&_nc_ht=scontent-lhr6-2.cdninstagram.com&_nc_cat=100&_nc_oc=Q6cZ2QHEV50Rk7iJV45UL9tel_lFbjpxveTYDTOynurpDBZVcgpieLeB0PWocDYTMRcoX5Q&_nc_ohc=HE0lrNLe8WoQ7kNvwGVRmH6&_nc_gid=6TfbWrEwSEGx8S4URqZeGg&edm=AI-cjbYBAAAA&ccb=7-5&oh=00_Afa_SjplRetMZmOCMksQH7K717ACv9B4Jq55nvWvWvVb-g&oe=68C75EE6&_nc_sid=0985b0,18286088377261463,https://www.instagram.com/dive.since.2022.stan.ive.n.ate,https://www.instagram.com/p/DMX8Q9Ny74P/c/18286088377261463
13,,yzzy._.16,,654954750,"2025-09-03 08:01:42",0,"😔😢😢😢💔💔💔 come back",no,https://scontent-lhr8-1.cdninstagram.com/v/t51.2885-19/539105697_18523593472042751_512132787849646881_n.jpg?stp=dst-jpg_s150x150_tt6&efg=eyJ2ZW5jb2RlX3RhZyI6InByb2ZpbGVfcGljLmRqYW5nby43OTIuYzIifQ&_nc_ht=scontent-lhr8-1.cdninstagram.com&_nc_cat=111&_nc_oc=Q6cZ2QHEV50Rk7iJV45UL9tel_lFbjpxveTYDTOynurpDBZVcgpieLeB0PWocDYTMRcoX5Q&_nc_ohc=nA3XitjCcAkQ7kNvwFplEz4&_nc_gid=6TfbWrEwSEGx8S4URqZeGg&edm=AI-cjbYBAAAA&ccb=7-5&oh=00_AfbjMln6JjdR74pTB-lLrRp3gPEkTPjs6WW6E_PnvNQNxA&oe=68C75725&_nc_sid=0985b0,17876991642400042,https://www.instagram.com/yzzy._.16,https://www.instagram.com/p/DMX8Q9Ny74P/c/17876991642400042
14,,velvetsails,,23795681884,"2025-09-03 15:27:16",0,"Just let them go",no,https://scontent-lhr8-2.cdninstagram.com/v/t51.2885-19/484216724_1324047398933622_2794367602053831303_n.jpg?stp=dst-jpg_s150x150_tt6&efg=eyJ2ZW5jb2RlX3RhZyI6InByb2ZpbGVfcGljLmRqYW5nby43MjAuYzIifQ&_nc_ht=scontent-lhr8-2.cdninstagram.com&_nc_cat=106&_nc_oc=Q6cZ2QHEV50Rk7iJV45UL9tel_lFbjpxveTYDTOynurpDBZVcgpieLeB0PWocDYTMRcoX5Q&_nc_ohc=-yNzu9bzQ38Q7kNvwEVKMIO&_nc_gid=6TfbWrEwSEGx8S4URqZeGg&edm=AI-cjbYBAAAA&ccb=7-5&oh=00_AfarRNL3hR-GA3GrFWVjwMpdiAwKgwOw-nzd29I3N1FneA&oe=68C75210&_nc_sid=0985b0,17979150293748360,https://www.instagram.com/velvetsails,https://www.instagram.com/p/DMX8Q9Ny74P/c/17979150293748360
15,,dannive05,,76713562406,"2025-09-03 17:11:26",0,我们什么时候才可以见到她们？,no,https://scontent-lhr8-1.cdninstagram.com/v/t51.2885-19/539756458_17846943015554407_2763637885379686628_n.jpg?stp=dst-jpg_s150x150_tt6&efg=eyJ2ZW5jb2RlX3RhZyI6InByb2ZpbGVfcGljLmRqYW5nby42MDAuYzIifQ&_nc_ht=scontent-lhr8-1.cdninstagram.com&_nc_cat=107&_nc_oc=Q6cZ2QHEV50Rk7iJV45UL9tel_lFbjpxveTYDTOynurpDBZVcgpieLeB0PWocDYTMRcoX5Q&_nc_ohc=OYrfreHRQ1wQ7kNvwEvQLfU&_nc_gid=6TfbWrEwSEGx8S4URqZeGg&edm=AI-cjbYBAAAA&ccb=7-5&oh=00_AfaA9sjrwKz0aHTnrGbUIdpK5swaQOknznWfBgslDpvpQg&oe=68C76D1E&_nc_sid=0985b0,18057043529410179,https://www.instagram.com/dannive05,https://www.instagram.com/p/DMX8Q9Ny74P/c/18057043529410179
16,,dannive05,,76713562406,"2025-09-03 17:11:42",0,她们现在过的怎么样！,no,https://scontent-lhr8-1.cdninstagram.com/v/t51.2885-19/539756458_17846943015554407_2763637885379686628_n.jpg?stp=dst-jpg_s150x150_tt6&efg=eyJ2ZW5jb2RlX3RhZyI6InByb2ZpbGVfcGljLmRqYW5nby42MDAuYzIifQ&_nc_ht=scontent-lhr8-1.cdninstagram.com&_nc_cat=107&_nc_oc=Q6cZ2QHEV50Rk7iJV45UL9tel_lFbjpxveTYDTOynurpDBZVcgpieLeB0PWocDYTMRcoX5Q&_nc_ohc=OYrfreHRQ1wQ7kNvwEvQLfU&_nc_gid=6TfbWrEwSEGx8S4URqZeGg&edm=AI-cjbYBAAAA&ccb=7-5&oh=00_AfaA9sjrwKz0aHTnrGbUIdpK5swaQOknznWfBgslDpvpQg&oe=68C76D1E&_nc_sid=0985b0,18053036429632092,https://www.instagram.com/dannive05,https://www.instagram.com/p/DMX8Q9Ny74P/c/18053036429632092
17,,tieniu021,,72161978443,"2025-09-03 18:03:48",0,回归好不好😭,no,https://scontent-lhr6-2.cdninstagram.com/v/t51.2885-19/543104940_17876115741402444_5390649649677335234_n.jpg?stp=dst-jpg_s150x150_tt6&efg=eyJ2ZW5jb2RlX3RhZyI6InByb2ZpbGVfcGljLmRqYW5nby42NTAuYzIifQ&_nc_ht=scontent-lhr6-2.cdninstagram.com&_nc_cat=100&_nc_oc=Q6cZ2QHEV50Rk7iJV45UL9tel_lFbjpxveTYDTOynurpDBZVcgpieLeB0PWocDYTMRcoX5Q&_nc_ohc=5bkluJSj4V4Q7kNvwE0j33M&_nc_gid=6TfbWrEwSEGx8S4URqZeGg&edm=AI-cjbYBAAAA&ccb=7-5&oh=00_AfZiL4Lc984TiNy0WDRcfI5ooa8gPFbAqyi1F9Z_Qf4dhQ&oe=68C78069&_nc_sid=0985b0,17919101619139762,https://www.instagram.com/tieniu021,https://www.instagram.com/p/DMX8Q9Ny74P/c/17919101619139762
18,,koko.turner,,75895675332,"2025-09-03 21:37:23",0,"I miss my girls.",no,https://scontent-lhr6-1.cdninstagram.com/v/t51.2885-19/539425895_17852930202531333_137003117594582702_n.jpg?stp=dst-jpg_s150x150_tt6&efg=eyJ2ZW5jb2RlX3RhZyI6InByb2ZpbGVfcGljLmRqYW5nby4xMDgwLmMyIn0&_nc_ht=scontent-lhr6-1.cdninstagram.com&_nc_cat=109&_nc_oc=Q6cZ2QHEV50Rk7iJV45UL9tel_lFbjpxveTYDTOynurpDBZVcgpieLeB0PWocDYTMRcoX5Q&_nc_ohc=tlPPLJ44484Q7kNvwEu0V5q&_nc_gid=6TfbWrEwSEGx8S4URqZeGg&edm=AI-cjbYBAAAA&ccb=7-5&oh=00_Afa_dCTEmMbpV06wn-KGewtngqk6Bn16XM0asRPMw-RoYA&oe=68C75115&_nc_sid=0985b0,18318778780214845,https://www.instagram.com/koko.turner,https://www.instagram.com/p/DMX8Q9Ny74P/c/18318778780214845
19,,zzangdeukchoon,,71972914397,"2025-09-03 23:10:59",0,"뉴진스 언제 와 ..",no,https://scontent-lhr8-2.cdninstagram.com/v/t51.2885-19/541929989_17877850404394398_2542934341556742714_n.jpg?stp=dst-jpg_s150x150_tt6&efg=eyJ2ZW5jb2RlX3RhZyI6InByb2ZpbGVfcGljLmRqYW5nby43MTQuYzIifQ&_nc_ht=scontent-lhr8-2.cdninstagram.com&_nc_cat=106&_nc_oc=Q6cZ2QHEV50Rk7iJV45UL9tel_lFbjpxveTYDTOynurpDBZVcgpieLeB0PWocDYTMRcoX5Q&_nc_ohc=RNNDq-rH9u0Q7kNvwEwegfF&_nc_gid=6TfbWrEwSEGx8S4URqZeGg&edm=AI-cjbYBAAAA&ccb=7-5&oh=00_AfaB4xTmdsbdYyCrUXCo_ws_P0pAI51UIP7I_FiRKQL_kg&oe=68C76554&_nc_sid=0985b0,18084949123700160,https://www.instagram.com/zzangdeukchoon,https://www.instagram.com/p/DMX8Q9Ny74P/c/18084949123700160
20,,dayyri_.21,,50333590436,"2025-09-04 03:13:28",0,"Jirrr lah kangenn",no,https://scontent-lhr8-2.cdninstagram.com/v/t51.2885-19/540569633_18035834579678437_1392311624068953275_n.jpg?stp=dst-jpg_s150x150_tt6&efg=eyJ2ZW5jb2RlX3RhZyI6InByb2ZpbGVfcGljLmRqYW5nby4xMDgwLmMyIn0&_nc_ht=scontent-lhr8-2.cdninstagram.com&_nc_cat=101&_nc_oc=Q6cZ2QHEV50Rk7iJV45UL9tel_lFbjpxveTYDTOynurpDBZVcgpieLeB0PWocDYTMRcoX5Q&_nc_ohc=J2dDjocWLrgQ7kNvwFZz5DQ&_nc_gid=6TfbWrEwSEGx8S4URqZeGg&edm=AI-cjbYBAAAA&ccb=7-5&oh=00_Afb-ZfrNEVTZdiPAj9LrFzIeg1X1uyQl7WfgaDBDznb_Ug&oe=68C76F35&_nc_sid=0985b0,18095584447631940,https://www.instagram.com/dayyri_.21,https://www.instagram.com/p/DMX8Q9Ny74P/c/18095584447631940
21,,amwannnnnn,,30043139147,"2025-09-04 05:00:10",0,"COME BACK",no,https://scontent-lhr6-2.cdninstagram.com/v/t51.2885-19/544061970_18077080637003148_1644202150125953485_n.jpg?stp=dst-jpg_s150x150_tt6&efg=eyJ2ZW5jb2RlX3RhZyI6InByb2ZpbGVfcGljLmRqYW5nby45MTYuYzIifQ&_nc_ht=scontent-lhr6-2.cdninstagram.com&_nc_cat=100&_nc_oc=Q6cZ2QHEV50Rk7iJV45UL9tel_lFbjpxveTYDTOynurpDBZVcgpieLeB0PWocDYTMRcoX5Q&_nc_ohc=9WdOMF0IkV8Q7kNvwEZK90m&_nc_gid=6TfbWrEwSEGx8S4URqZeGg&edm=AI-cjbYBAAAA&ccb=7-5&oh=00_AfbbQyIqvIZExV5U70nXewZcK7vhVZZgsEhey3TZzLAo7g&oe=68C76DD6&_nc_sid=0985b0,18282529015278184,https://www.instagram.com/amwannnnnn,https://www.instagram.com/p/DMX8Q9Ny74P/c/18282529015278184
22,,wen333mu,,76896089431,"2025-09-04 08:38:44",0,"miss you...",no,https://scontent-lhr6-2.cdninstagram.com/v/t51.2885-19/539806911_17844563040561432_3464734154704972567_n.jpg?stp=dst-jpg_s150x150_tt6&efg=eyJ2ZW5jb2RlX3RhZyI6InByb2ZpbGVfcGljLmRqYW5nby4xMDgwLmMyIn0&_nc_ht=scontent-lhr6-2.cdninstagram.com&_nc_cat=100&_nc_oc=Q6cZ2QHEV50Rk7iJV45UL9tel_lFbjpxveTYDTOynurpDBZVcgpieLeB0PWocDYTMRcoX5Q&_nc_ohc=tmPDVWaSzl4Q7kNvwGZSSMi&_nc_gid=6TfbWrEwSEGx8S4URqZeGg&edm=AI-cjbYBAAAA&ccb=7-5&oh=00_AfZZ62D2nPDHDCK16HyFrkEHTFsjr7a7cGZyk4q21gslXQ&oe=68C75187&_nc_sid=0985b0,18065924816195547,https://www.instagram.com/wen333mu,https://www.instagram.com/p/DMX8Q9Ny74P/c/18065924816195547
23,,c.h.i.i.m.o.n,,46696101536,"2025-09-04 10:34:43",0,戻ってきて欲しい,no,https://scontent-lhr8-1.cdninstagram.com/v/t51.2885-19/450613374_2175644042811656_5762372668084558234_n.jpg?stp=dst-jpg_s150x150_tt6&efg=eyJ2ZW5jb2RlX3RhZyI6InByb2ZpbGVfcGljLmRqYW5nby4zMjAuYzIifQ&_nc_ht=scontent-lhr8-1.cdninstagram.com&_nc_cat=108&_nc_oc=Q6cZ2QHEV50Rk7iJV45UL9tel_lFbjpxveTYDTOynurpDBZVcgpieLeB0PWocDYTMRcoX5Q&_nc_ohc=svtihFcpwS8Q7kNvwG0vpr6&_nc_gid=6TfbWrEwSEGx8S4URqZeGg&edm=AI-cjbYBAAAA&ccb=7-5&oh=00_Afb1UdrE3C1eBcpF9O16TQKH0kkk4iISfgykKRtwy6PZfA&oe=68C75EF2&_nc_sid=0985b0,18168046921363299,https://www.instagram.com/c.h.i.i.m.o.n,https://www.instagram.com/p/DMX8Q9Ny74P/c/18168046921363299
24,,monnmonnsee,,64671600835,"2025-09-04 10:34:57",0,"i miss them ;((come back 💔💔",no,https://scontent-lhr6-2.cdninstagram.com/v/t51.2885-19/543389814_17919915522152836_4362493194007568552_n.jpg?stp=dst-jpg_s150x150_tt6&efg=eyJ2ZW5jb2RlX3RhZyI6InByb2ZpbGVfcGljLmRqYW5nby4xMDgwLmMyIn0&_nc_ht=scontent-lhr6-2.cdninstagram.com&_nc_cat=104&_nc_oc=Q6cZ2QHEV50Rk7iJV45UL9tel_lFbjpxveTYDTOynurpDBZVcgpieLeB0PWocDYTMRcoX5Q&_nc_ohc=GIkcv1gJ6LgQ7kNvwEHs91Y&_nc_gid=6TfbWrEwSEGx8S4URqZeGg&edm=AI-cjbYBAAAA&ccb=7-5&oh=00_AfbniY9MpJxpCEgC1AeYWhbpckDRbNZq8eB3NicqMynm6A&oe=68C751BD&_nc_sid=0985b0,17875331625404694,https://www.instagram.com/monnmonnsee,https://www.instagram.com/p/DMX8Q9Ny74P/c/17875331625404694
25,,shotasukii,,61274824459,"2025-09-04 11:06:56",0,"Really dumbas? You guys still post stuff about njz when they're not in your agency? Shameless",no,https://scontent-lhr8-1.cdninstagram.com/v/t51.2885-19/531217861_17942308461040460_1287495215653846164_n.jpg?stp=dst-jpg_s150x150_tt6&efg=eyJ2ZW5jb2RlX3RhZyI6InByb2ZpbGVfcGljLmRqYW5nby4xMDgwLmMyIn0&_nc_ht=scontent-lhr8-1.cdninstagram.com&_nc_cat=108&_nc_oc=Q6cZ2QHEV50Rk7iJV45UL9tel_lFbjpxveTYDTOynurpDBZVcgpieLeB0PWocDYTMRcoX5Q&_nc_ohc=L4DBR6O4OVIQ7kNvwHdkEwC&_nc_gid=6TfbWrEwSEGx8S4URqZeGg&edm=AI-cjbYBAAAA&ccb=7-5&oh=00_AfavCeY7Vr1UBRuGa5wySEa3WDmKPmCV2Lq_rOJxgSaECA&oe=68C779A1&_nc_sid=0985b0,18086389276885999,https://www.instagram.com/shotasukii,https://www.instagram.com/p/DMX8Q9Ny74P/c/18086389276885999
26,,e_ji207,,6225855209,"2025-09-04 11:20:50",0,"뉴진스 이겨서 하이브한테 돈받아 라 방시혁갸짭놈이 전국민사기쳤으니까 싸움보면웃겨 나때문에 전산 바꾸고 굿즈하나더 안줌 하이브 갸이브 맞아",no,https://scontent-lhr6-1.cdninstagram.com/v/t51.2885-19/542365153_18336400165207210_4812800978060610659_n.jpg?stp=dst-jpg_s150x150_tt6&efg=eyJ2ZW5jb2RlX3RhZyI6InByb2ZpbGVfcGljLmRqYW5nby4xMDgwLmMyIn0&_nc_ht=scontent-lhr6-1.cdninstagram.com&_nc_cat=110&_nc_oc=Q6cZ2QHEV50Rk7iJV45UL9tel_lFbjpxveTYDTOynurpDBZVcgpieLeB0PWocDYTMRcoX5Q&_nc_ohc=I8_0z3n581AQ7kNvwHvmUIC&_nc_gid=6TfbWrEwSEGx8S4URqZeGg&edm=AI-cjbYBAAAA&ccb=7-5&oh=00_AfY8nfuAKDuwAjtlKMuhzrFH1yxycGcHgVbK9CAxbyRM4w&oe=68C7807F&_nc_sid=0985b0,17887130508226182,https://www.instagram.com/e_ji207,https://www.instagram.com/p/DMX8Q9Ny74P/c/17887130508226182
27,,yyou_stinaa,,45306465884,"2025-09-04 12:01:17",0,"3 YEARS😭😭😭",no,https://scontent-lhr6-1.cdninstagram.com/v/t51.2885-19/542233527_18078623777505885_2911409266970563826_n.jpg?stp=dst-jpg_s150x150_tt6&efg=eyJ2ZW5jb2RlX3RhZyI6InByb2ZpbGVfcGljLmRqYW5nby43MjAuYzIifQ&_nc_ht=scontent-lhr6-1.cdninstagram.com&_nc_cat=109&_nc_oc=Q6cZ2QHEV50Rk7iJV45UL9tel_lFbjpxveTYDTOynurpDBZVcgpieLeB0PWocDYTMRcoX5Q&_nc_ohc=VFO22X57iUYQ7kNvwE9z3Wh&_nc_gid=6TfbWrEwSEGx8S4URqZeGg&edm=AI-cjbYBAAAA&ccb=7-5&oh=00_Afbz6AhHlSRiFIeKaWZTeR32LJmF6nXFBRpSTBea1fv76A&oe=68C75B62&_nc_sid=0985b0,18107689612492919,https://www.instagram.com/yyou_stinaa,https://www.instagram.com/p/DMX8Q9Ny74P/c/18107689612492919
28,,nosoycristianalexis,,2283730223,"2025-09-04 12:07:00",0,"Miss you 💔",no,https://scontent-lhr8-1.cdninstagram.com/v/t51.2885-19/408491334_186782507856763_8535922510272934901_n.jpg?stp=dst-jpg_s150x150_tt6&efg=eyJ2ZW5jb2RlX3RhZyI6InByb2ZpbGVfcGljLmRqYW5nby4xMDgwLmMyIn0&_nc_ht=scontent-lhr8-1.cdninstagram.com&_nc_cat=107&_nc_oc=Q6cZ2QHEV50Rk7iJV45UL9tel_lFbjpxveTYDTOynurpDBZVcgpieLeB0PWocDYTMRcoX5Q&_nc_ohc=fMveQ-Vfm6sQ7kNvwGXpTSY&_nc_gid=6TfbWrEwSEGx8S4URqZeGg&edm=AI-cjbYBAAAA&ccb=7-5&oh=00_AfaUp4zXkI_8dtZDay60sKkEpkzKmOUDq0mnNsltDlgoMQ&oe=68C7747B&_nc_sid=0985b0,17851212354501675,https://www.instagram.com/nosoycristianalexis,https://www.instagram.com/p/DMX8Q9Ny74P/c/17851212354501675
29,,ghalia_petitbout,,74766079702,"2025-09-04 12:46:30",0,"YOU NEVER GONNA FIND A GROUP LIKE NEW JEANS",no,https://scontent-lhr8-1.cdninstagram.com/v/t51.2885-19/543550088_17859107643495703_101032627562638381_n.jpg?stp=dst-jpg_s150x150_tt6&efg=eyJ2ZW5jb2RlX3RhZyI6InByb2ZpbGVfcGljLmRqYW5nby4xMDgwLmMyIn0&_nc_ht=scontent-lhr8-1.cdninstagram.com&_nc_cat=107&_nc_oc=Q6cZ2QHEV50Rk7iJV45UL9tel_lFbjpxveTYDTOynurpDBZVcgpieLeB0PWocDYTMRcoX5Q&_nc_ohc=vKy04RAapm8Q7kNvwHe7yPG&_nc_gid=6TfbWrEwSEGx8S4URqZeGg&edm=AI-cjbYBAAAA&ccb=7-5&oh=00_Afa-6MGcq2_lEXbHMC7aEw_PK5i3B6XSr56aItvVWEtaHg&oe=68C75537&_nc_sid=0985b0,18063760406522285,https://www.instagram.com/ghalia_petitbout,https://www.instagram.com/p/DMX8Q9Ny74P/c/18063760406522285
30,,giaccotenicela7,,51743335899,"2025-09-04 14:00:24",0,"Free nuevos jeans",no,https://scontent-lhr6-1.cdninstagram.com/v/t51.2885-19/446110005_1611284326328330_5655406723877808768_n.jpg?stp=dst-jpg_s150x150_tt6&efg=eyJ2ZW5jb2RlX3RhZyI6InByb2ZpbGVfcGljLmRqYW5nby4xMDgwLmMyIn0&_nc_ht=scontent-lhr6-1.cdninstagram.com&_nc_cat=102&_nc_oc=Q6cZ2QHEV50Rk7iJV45UL9tel_lFbjpxveTYDTOynurpDBZVcgpieLeB0PWocDYTMRcoX5Q&_nc_ohc=eHkToYTui_YQ7kNvwEO7kz9&_nc_gid=6TfbWrEwSEGx8S4URqZeGg&edm=AI-cjbYBAAAA&ccb=7-5&oh=00_AfbN6ai31BUqegqt30KhvFKd_CWryBrsIieJHsWft1rDRw&oe=68C7562C&_nc_sid=0985b0,18073855885867842,https://www.instagram.com/giaccotenicela7,https://www.instagram.com/p/DMX8Q9Ny74P/c/18073855885867842
31,,kdrx_dramalover,,58052309963,"2025-09-04 14:20:45",0,Newjeans!!!!!😻,no,https://scontent-lhr6-2.cdninstagram.com/v/t51.2885-19/539049286_17969252999933964_918015800096943268_n.jpg?stp=dst-jpg_s150x150_tt6&efg=eyJ2ZW5jb2RlX3RhZyI6InByb2ZpbGVfcGljLmRqYW5nby4xMDgwLmMyIn0&_nc_ht=scontent-lhr6-2.cdninstagram.com&_nc_cat=100&_nc_oc=Q6cZ2QHEV50Rk7iJV45UL9tel_lFbjpxveTYDTOynurpDBZVcgpieLeB0PWocDYTMRcoX5Q&_nc_ohc=ttKnKvpyPaoQ7kNvwEGEQAG&_nc_gid=6TfbWrEwSEGx8S4URqZeGg&edm=AI-cjbYBAAAA&ccb=7-5&oh=00_Afa7-QUoutHSBSsX9qcK5bppVC1nzWboJvRREeKO1Fq60w&oe=68C76C3E&_nc_sid=0985b0,18095960080642565,https://www.instagram.com/kdrx_dramalover,https://www.instagram.com/p/DMX8Q9Ny74P/c/18095960080642565
32,,imjst_fine,,49050866940,"2025-09-04 14:52:55",0,"Kesian ngat eh kena pakai kartun",no,https://scontent-lhr6-2.cdninstagram.com/v/t51.2885-19/517536878_18044463392634941_1205274062419442277_n.jpg?stp=dst-jpg_s150x150_tt6&efg=eyJ2ZW5jb2RlX3RhZyI6InByb2ZpbGVfcGljLmRqYW5nby41MDAuYzIifQ&_nc_ht=scontent-lhr6-2.cdninstagram.com&_nc_cat=105&_nc_oc=Q6cZ2QHEV50Rk7iJV45UL9tel_lFbjpxveTYDTOynurpDBZVcgpieLeB0PWocDYTMRcoX5Q&_nc_ohc=0-Xt2RtvFAcQ7kNvwE2oqoA&_nc_gid=6TfbWrEwSEGx8S4URqZeGg&edm=AI-cjbYBAAAA&ccb=7-5&oh=00_AfZiJPnlGqEUqnrf4Bh1gtNAvpLGnymVDY8FEgJ-oux7Og&oe=68C76C37&_nc_sid=0985b0,17862937233462381,https://www.instagram.com/imjst_fine,https://www.instagram.com/p/DMX8Q9Ny74P/c/17862937233462381
33,,saltylolee,,52435214881,"2025-09-04 15:17:25",0,请把号还给吴晓梅谢谢☺️,no,https://scontent-lhr8-1.cdninstagram.com/v/t51.2885-19/277442210_509673310780292_6807455856260911136_n.jpg?stp=dst-jpg_s150x150_tt6&efg=eyJ2ZW5jb2RlX3RhZyI6InByb2ZpbGVfcGljLmRqYW5nby4xMDgwLmMyIn0&_nc_ht=scontent-lhr8-1.cdninstagram.com&_nc_cat=108&_nc_oc=Q6cZ2QHEV50Rk7iJV45UL9tel_lFbjpxveTYDTOynurpDBZVcgpieLeB0PWocDYTMRcoX5Q&_nc_ohc=7MWX6kbN3RYQ7kNvwEdGZB5&_nc_gid=6TfbWrEwSEGx8S4URqZeGg&edm=AI-cjbYBAAAA&ccb=7-5&oh=00_AfalcEqqyBbBF1cc2nFflH3IeNoNfLIFCdTyO4w8YDuqDg&oe=68C76381&_nc_sid=0985b0,18078105464313059,https://www.instagram.com/saltylolee,https://www.instagram.com/p/DMX8Q9Ny74P/c/18078105464313059
34,,kuresha.plsss,,46100208542,"2025-09-04 16:12:07",0,"I will never let this group go",no,https://scontent-lhr8-2.cdninstagram.com/v/t51.2885-19/287226168_1275952116485091_8193945629854636152_n.jpg?stp=dst-jpg_s150x150_tt6&efg=eyJ2ZW5jb2RlX3RhZyI6InByb2ZpbGVfcGljLmRqYW5nby44MjguYzIifQ&_nc_ht=scontent-lhr8-2.cdninstagram.com&_nc_cat=103&_nc_oc=Q6cZ2QHEV50Rk7iJV45UL9tel_lFbjpxveTYDTOynurpDBZVcgpieLeB0PWocDYTMRcoX5Q&_nc_ohc=0_Fdv2r07YIQ7kNvwE9cRQp&_nc_gid=6TfbWrEwSEGx8S4URqZeGg&edm=AI-cjbYBAAAA&ccb=7-5&oh=00_AfYHMtJgd9IPyUSNNmHW967CQUpYuGgEl4k3KVDLPW_PuA&oe=68C773B0&_nc_sid=0985b0,17973874484922525,https://www.instagram.com/kuresha.plsss,https://www.instagram.com/p/DMX8Q9Ny74P/c/17973874484922525
35,,dudacarfer,,9168600493,"2025-09-04 16:33:48",0,"Que saudade 💗🥺",no,https://scontent-lhr6-1.cdninstagram.com/v/t51.2885-19/504009140_18254478583304494_25987799253756630_n.jpg?stp=dst-jpg_s150x150_tt6&efg=eyJ2ZW5jb2RlX3RhZyI6InByb2ZpbGVfcGljLmRqYW5nby45MDAuYzIifQ&_nc_ht=scontent-lhr6-1.cdninstagram.com&_nc_cat=110&_nc_oc=Q6cZ2QHEV50Rk7iJV45UL9tel_lFbjpxveTYDTOynurpDBZVcgpieLeB0PWocDYTMRcoX5Q&_nc_ohc=5rXtkv3K-A8Q7kNvwFeyTYU&_nc_gid=6TfbWrEwSEGx8S4URqZeGg&edm=AI-cjbYBAAAA&ccb=7-5&oh=00_AfbZAIkQWeyQi7cUG8Kg6KvVuBUYCPBOBcXn7SAdprRUvA&oe=68C773E0&_nc_sid=0985b0,17867404032440388,https://www.instagram.com/dudacarfer,https://www.instagram.com/p/DMX8Q9Ny74P/c/17867404032440388
36,,asmaaaden,,323219783,"2025-09-04 18:17:50",0,"What in the SCAM is this?",no,https://scontent-lhr6-2.cdninstagram.com/v/t51.2885-19/538033558_18528589753019784_983035157671661084_n.jpg?stp=dst-jpg_s150x150_tt6&efg=eyJ2ZW5jb2RlX3RhZyI6InByb2ZpbGVfcGljLmRqYW5nby4xMDgwLmMyIn0&_nc_ht=scontent-lhr6-2.cdninstagram.com&_nc_cat=100&_nc_oc=Q6cZ2QHEV50Rk7iJV45UL9tel_lFbjpxveTYDTOynurpDBZVcgpieLeB0PWocDYTMRcoX5Q&_nc_ohc=gj7I2rNCzQwQ7kNvwG6p5vL&_nc_gid=6TfbWrEwSEGx8S4URqZeGg&edm=AI-cjbYBAAAA&ccb=7-5&oh=00_AfaZd3YGjDoQbybXGBODWQuzXIbFsk8-VjC0tW6mRF3ayw&oe=68C74B32&_nc_sid=0985b0,18077096140956872,https://www.instagram.com/asmaaaden,https://www.instagram.com/p/DMX8Q9Ny74P/c/18077096140956872
37,,seungminnieandpizza,,73242082470,"2025-09-04 18:24:19",0,"its giving toxic lover",no,https://scontent-lhr8-1.cdninstagram.com/v/t51.2885-19/520493801_17861371149442471_8176612360728904789_n.jpg?stp=dst-jpg_s150x150_tt6&efg=eyJ2ZW5jb2RlX3RhZyI6InByb2ZpbGVfcGljLmRqYW5nby4xMDgwLmMyIn0&_nc_ht=scontent-lhr8-1.cdninstagram.com&_nc_cat=107&_nc_oc=Q6cZ2QHEV50Rk7iJV45UL9tel_lFbjpxveTYDTOynurpDBZVcgpieLeB0PWocDYTMRcoX5Q&_nc_ohc=TmB-r2f2g_gQ7kNvwFSW2R2&_nc_gid=6TfbWrEwSEGx8S4URqZeGg&edm=AI-cjbYBAAAA&ccb=7-5&oh=00_Afbmh0oV0R3QgJJUg9p01hIRi2yA7dcUKXcfbcq1AZXgNQ&oe=68C77856&_nc_sid=0985b0,18043446041352189,https://www.instagram.com/seungminnieandpizza,https://www.instagram.com/p/DMX8Q9Ny74P/c/18043446041352189
38,,sutdlimii,,74031091134,"2025-09-04 22:43:06",0,,no,https://scontent-lhr8-1.cdninstagram.com/v/t51.2885-19/534328301_17860658355467135_2013572821090054_n.jpg?stp=dst-jpg_s150x150_tt6&efg=eyJ2ZW5jb2RlX3RhZyI6InByb2ZpbGVfcGljLmRqYW5nby4xMDgwLmMyIn0&_nc_ht=scontent-lhr8-1.cdninstagram.com&_nc_cat=111&_nc_oc=Q6cZ2QHEV50Rk7iJV45UL9tel_lFbjpxveTYDTOynurpDBZVcgpieLeB0PWocDYTMRcoX5Q&_nc_ohc=TvDnWQnbQ2QQ7kNvwHydq49&_nc_gid=6TfbWrEwSEGx8S4URqZeGg&edm=AI-cjbYBAAAA&ccb=7-5&oh=00_Afa53QJDMewXz7LejjNdME9WYoQV3jiRKgFYI6xpziyijg&oe=68C76474&_nc_sid=0985b0,18395033527186014,https://www.instagram.com/sutdlimii,https://www.instagram.com/p/DMX8Q9Ny74P/c/18395033527186014
39,,grac.yein,,77101497958,"2025-09-05 01:34:49",0,"love it but where's newjeans 😭",no,https://scontent-lhr8-1.cdninstagram.com/v/t51.2885-19/542784802_17843512584569959_7301060309811693616_n.jpg?stp=dst-jpg_s150x150_tt6&efg=eyJ2ZW5jb2RlX3RhZyI6InByb2ZpbGVfcGljLmRqYW5nby4xMDAwLmMyIn0&_nc_ht=scontent-lhr8-1.cdninstagram.com&_nc_cat=107&_nc_oc=Q6cZ2QHEV50Rk7iJV45UL9tel_lFbjpxveTYDTOynurpDBZVcgpieLeB0PWocDYTMRcoX5Q&_nc_ohc=z6t1LRayOhEQ7kNvwG5BguG&_nc_gid=6TfbWrEwSEGx8S4URqZeGg&edm=AI-cjbYBAAAA&ccb=7-5&oh=00_Afb-_WbFtPOgyVG5OBWjxx6lAFaHOISVfBD0YzCWoGFkxQ&oe=68C76446&_nc_sid=0985b0,18089797513800871,https://www.instagram.com/grac.yein,https://www.instagram.com/p/DMX8Q9Ny74P/c/18089797513800871
40,,hyggemori,,619320868,"2025-09-05 02:53:01",0,Miss…🐰💙📀👖🩵,no,https://scontent-lhr8-1.cdninstagram.com/v/t51.2885-19/10731826_318391838367335_1143263881_a.jpg?stp=dst-jpg_s150x150_tt6&efg=eyJ2ZW5jb2RlX3RhZyI6InByb2ZpbGVfcGljLmRqYW5nby4xNTAuYzIifQ&_nc_ht=scontent-lhr8-1.cdninstagram.com&_nc_cat=111&_nc_oc=Q6cZ2QHEV50Rk7iJV45UL9tel_lFbjpxveTYDTOynurpDBZVcgpieLeB0PWocDYTMRcoX5Q&_nc_ohc=5JG3MY_qVfYQ7kNvwEoZ7kN&_nc_gid=6TfbWrEwSEGx8S4URqZeGg&edm=AI-cjbYBAAAA&ccb=7-5&oh=00_AfbM_pfi79u9XxoTgrXe0AuA4uX3dF0M68gONo9YHKsBQg&oe=68C77037&_nc_sid=0985b0,18092907214674818,https://www.instagram.com/hyggemori,https://www.instagram.com/p/DMX8Q9Ny74P/c/18092907214674818
41,,indighost_6,,2311248791,"2025-09-05 04:17:48",0,"Y sin new jeans",no,https://scontent-lhr6-2.cdninstagram.com/v/t51.2885-19/508398889_18467777389072792_3586326547597435416_n.jpg?stp=dst-jpg_s150x150_tt6&efg=eyJ2ZW5jb2RlX3RhZyI6InByb2ZpbGVfcGljLmRqYW5nby41NDAuYzIifQ&_nc_ht=scontent-lhr6-2.cdninstagram.com&_nc_cat=104&_nc_oc=Q6cZ2QHEV50Rk7iJV45UL9tel_lFbjpxveTYDTOynurpDBZVcgpieLeB0PWocDYTMRcoX5Q&_nc_ohc=cs2Bc0LwyL8Q7kNvwF8EXGb&_nc_gid=6TfbWrEwSEGx8S4URqZeGg&edm=AI-cjbYBAAAA&ccb=7-5&oh=00_AfZtBLnvOmIJ_IOT2hJv3-TYbqYjRWlwZiW2L7Ix7Om3Ug&oe=68C766F5&_nc_sid=0985b0,18092448916706153,https://www.instagram.com/indighost_6,https://www.instagram.com/p/DMX8Q9Ny74P/c/18092448916706153
42,,offical_avengers4,,73988683676,"2025-09-05 05:50:04",0,"@newjeans_official  comeback 😍😍😍😍😍😍😍😍",no,https://scontent-lhr8-2.cdninstagram.com/v/t51.2885-19/543823085_17862599385467677_8334978328214466432_n.jpg?stp=dst-jpg_s150x150_tt6&efg=eyJ2ZW5jb2RlX3RhZyI6InByb2ZpbGVfcGljLmRqYW5nby4xMDgwLmMyIn0&_nc_ht=scontent-lhr8-2.cdninstagram.com&_nc_cat=101&_nc_oc=Q6cZ2QHEV50Rk7iJV45UL9tel_lFbjpxveTYDTOynurpDBZVcgpieLeB0PWocDYTMRcoX5Q&_nc_ohc=5ykw9ogNboQQ7kNvwFGnhlh&_nc_gid=6TfbWrEwSEGx8S4URqZeGg&edm=AI-cjbYBAAAA&ccb=7-5&oh=00_AfZOwq6HVSI8ZCbbCPvd16QAfpSJoDWkzTXG_BOdqq2zOQ&oe=68C74BE3&_nc_sid=0985b0,18535307437017085,https://www.instagram.com/offical_avengers4,https://www.instagram.com/p/DMX8Q9Ny74P/c/18535307437017085
43,,rj.chiquito,,4294429885,"2025-09-05 07:45:46",0,💔,no,https://scontent-lhr6-1.cdninstagram.com/v/t51.2885-19/537021851_18398244913141886_4076030061536975897_n.jpg?stp=dst-jpg_s150x150_tt6&efg=eyJ2ZW5jb2RlX3RhZyI6InByb2ZpbGVfcGljLmRqYW5nby4xMDgwLmMyIn0&_nc_ht=scontent-lhr6-1.cdninstagram.com&_nc_cat=102&_nc_oc=Q6cZ2QHEV50Rk7iJV45UL9tel_lFbjpxveTYDTOynurpDBZVcgpieLeB0PWocDYTMRcoX5Q&_nc_ohc=NZ8LtizNoY8Q7kNvwFBYcoz&_nc_gid=6TfbWrEwSEGx8S4URqZeGg&edm=AI-cjbYBAAAA&ccb=7-5&oh=00_AfaOY3LgdvLsJMH2kTCPtKGKKAQsBKBrab0FNEDf7If8Kg&oe=68C761AC&_nc_sid=0985b0,17911176720071020,https://www.instagram.com/rj.chiquito,https://www.instagram.com/p/DMX8Q9Ny74P/c/17911176720071020
44,,ffryzx12,,76424544149,"2025-09-05 09:08:31",0,"@i_want_my_earings_backk 你更是沒事找事",no,https://scontent-lhr6-1.cdninstagram.com/v/t51.2885-19/527574849_17844373473544150_4852537181849323572_n.jpg?stp=dst-jpg_s150x150_tt6&efg=eyJ2ZW5jb2RlX3RhZyI6InByb2ZpbGVfcGljLmRqYW5nby44NzAuYzIifQ&_nc_ht=scontent-lhr6-1.cdninstagram.com&_nc_cat=110&_nc_oc=Q6cZ2QHEV50Rk7iJV45UL9tel_lFbjpxveTYDTOynurpDBZVcgpieLeB0PWocDYTMRcoX5Q&_nc_ohc=KOzfsfZ0iUsQ7kNvwH4KvTJ&_nc_gid=6TfbWrEwSEGx8S4URqZeGg&edm=AI-cjbYBAAAA&ccb=7-5&oh=00_AfZuPjPkoKUauYLVqulqVdjvHjPbyv-xPUBVjTijDI3ywA&oe=68C77D30&_nc_sid=0985b0,17847607635534060,https://www.instagram.com/ffryzx12,https://www.instagram.com/p/DMX8Q9Ny74P/c/17847607635534060
45,,sandeymey,,1506402150,"2025-09-05 10:21:05",0,"Seriously? Are you joking?",no,https://scontent-lhr6-1.cdninstagram.com/v/t51.2885-19/472215521_2383164342030154_7418356322763324888_n.jpg?stp=dst-jpg_s150x150_tt6&efg=eyJ2ZW5jb2RlX3RhZyI6InByb2ZpbGVfcGljLmRqYW5nby4xMDgwLmMyIn0&_nc_ht=scontent-lhr6-1.cdninstagram.com&_nc_cat=110&_nc_oc=Q6cZ2QHEV50Rk7iJV45UL9tel_lFbjpxveTYDTOynurpDBZVcgpieLeB0PWocDYTMRcoX5Q&_nc_ohc=emPdzXrVUb0Q7kNvwExMtxh&_nc_gid=6TfbWrEwSEGx8S4URqZeGg&edm=AI-cjbYBAAAA&ccb=7-5&oh=00_AfYn23AmiKTj0p3UyUb4zloOjcu7ZSfRkKwIsGBmKryjhQ&oe=68C776AF&_nc_sid=0985b0,18077059273819682,https://www.instagram.com/sandeymey,https://www.instagram.com/p/DMX8Q9Ny74P/c/18077059273819682
46,,realesthimejoshi,,75949669323,"2025-09-05 11:42:45",0,"girl it's over move on",no,https://scontent-lhr8-1.cdninstagram.com/v/t51.2885-19/528698156_17848957473533324_1997511209478587339_n.jpg?stp=dst-jpg_s150x150_tt6&efg=eyJ2ZW5jb2RlX3RhZyI6InByb2ZpbGVfcGljLmRqYW5nby4xMDgwLmMyIn0&_nc_ht=scontent-lhr8-1.cdninstagram.com&_nc_cat=108&_nc_oc=Q6cZ2QHEV50Rk7iJV45UL9tel_lFbjpxveTYDTOynurpDBZVcgpieLeB0PWocDYTMRcoX5Q&_nc_ohc=hiRH1pxM3ykQ7kNvwHGmxGb&_nc_gid=6TfbWrEwSEGx8S4URqZeGg&edm=AI-cjbYBAAAA&ccb=7-5&oh=00_AfYbd1fN1e1ZZMs2S4iCUC08l-XvmH9bOVejDS6kVAPWFA&oe=68C77142&_nc_sid=0985b0,17917499097172173,https://www.instagram.com/realesthimejoshi,https://www.instagram.com/p/DMX8Q9Ny74P/c/17917499097172173
47,,valen.guimarolas,,76080550426,"2025-09-05 13:53:34",0,"Tá cd o new jeans",no,https://scontent-lhr8-2.cdninstagram.com/v/t51.2885-19/544327055_17850412824542427_6723137803000970747_n.jpg?stp=dst-jpg_s150x150_tt6&efg=eyJ2ZW5jb2RlX3RhZyI6InByb2ZpbGVfcGljLmRqYW5nby4xMDgwLmMyIn0&_nc_ht=scontent-lhr8-2.cdninstagram.com&_nc_cat=103&_nc_oc=Q6cZ2QHEV50Rk7iJV45UL9tel_lFbjpxveTYDTOynurpDBZVcgpieLeB0PWocDYTMRcoX5Q&_nc_ohc=vNMtXCGpLaoQ7kNvwFSjt9Y&_nc_gid=6TfbWrEwSEGx8S4URqZeGg&edm=AI-cjbYBAAAA&ccb=7-5&oh=00_Afa2E-69cmJuB0vnnyAPyUWeB4YuhpFsiYa5rAlS9QJ8NQ&oe=68C7559A&_nc_sid=0985b0,18072556790035007,https://www.instagram.com/valen.guimarolas,https://www.instagram.com/p/DMX8Q9Ny74P/c/18072556790035007
48,,kwsh_tl,,52001860325,"2025-09-05 14:11:51",0,"we miss you girls",no,https://scontent-lhr6-1.cdninstagram.com/v/t51.2885-19/503025622_18010449773732326_8281932063538907742_n.jpg?stp=dst-jpg_s150x150_tt6&efg=eyJ2ZW5jb2RlX3RhZyI6InByb2ZpbGVfcGljLmRqYW5nby4xMDgwLmMyIn0&_nc_ht=scontent-lhr6-1.cdninstagram.com&_nc_cat=110&_nc_oc=Q6cZ2QHEV50Rk7iJV45UL9tel_lFbjpxveTYDTOynurpDBZVcgpieLeB0PWocDYTMRcoX5Q&_nc_ohc=jsQivDZAuDQQ7kNvwF2dk_T&_nc_gid=6TfbWrEwSEGx8S4URqZeGg&edm=AI-cjbYBAAAA&ccb=7-5&oh=00_AfZde1U0KkMdVuoNIMnY816CbkWknpOoG1x8yJdPu1QoPw&oe=68C75F39&_nc_sid=0985b0,18002549399805867,https://www.instagram.com/kwsh_tl,https://www.instagram.com/p/DMX8Q9Ny74P/c/18002549399805867
49,,alice_sousax67,,61044932979,"2025-09-05 14:26:17",0,"New volta😭",no,https://scontent-lhr8-1.cdninstagram.com/v/t51.2885-19/542107918_17947061136036980_5798873519356765712_n.jpg?stp=dst-jpg_s150x150_tt6&efg=eyJ2ZW5jb2RlX3RhZyI6InByb2ZpbGVfcGljLmRqYW5nby4xMDgwLmMyIn0&_nc_ht=scontent-lhr8-1.cdninstagram.com&_nc_cat=108&_nc_oc=Q6cZ2QHEV50Rk7iJV45UL9tel_lFbjpxveTYDTOynurpDBZVcgpieLeB0PWocDYTMRcoX5Q&_nc_ohc=zQpVRjGdpTUQ7kNvwErBkGf&_nc_gid=6TfbWrEwSEGx8S4URqZeGg&edm=AI-cjbYBAAAA&ccb=7-5&oh=00_AfZkSKohzdHkF49TNtQ5Vv_bMQsa1c-9V5W3KEr_o5CAug&oe=68C758FB&_nc_sid=0985b0,18532300984020997,https://www.instagram.com/alice_sousax67,https://www.instagram.com/p/DMX8Q9Ny74P/c/18532300984020997
50,,nooimcookedfr,,75918764338,"2025-09-05 14:45:01",0,뉴진스내보내놓고3주는이러고앉았네,no,https://instagram.frpr3-1.fna.fbcdn.net/v/t51.2885-19/464760996_1254146839119862_3605321457742435801_n.png?stp=dst-jpg_e0_s150x150_tt6&efg=eyJ2ZW5jb2RlX3RhZyI6InByb2ZpbGVfcGljLmRqYW5nby4xNTAuYzIifQ&_nc_ht=instagram.frpr3-1.fna.fbcdn.net&_nc_cat=1&_nc_oc=Q6cZ2QHP4z7UhXWZ3kiMdcYmWkjNHOzEB0inSdUnI_Ar9Krs72ijXJOE29LyHyOGajUpsuo45ziFAupwPPzHZnAfrdNR&_nc_ohc=ucKJyOTYQJMQ7kNvwEqQ_6L&_nc_gid=aG6bfdkyjSQIsVRqipHLzA&edm=ANl9L9cBAAAA&ccb=7-5&ig_cache_key=YW5vbnltb3VzX3Byb2ZpbGVfcGlj.3-ccb7-5&oh=00_AfaB3EmFmCrReW_qu4R1JNeEOiwFw8NUc-PNPKV0S_ma0w&oe=68C74A28&_nc_sid=cb3ce5,18050961161546531,https://www.instagram.com/nooimcookedfr,https://www.instagram.com/p/DMX8Q9Ny74P/c/18050961161546531
51,,ming_mingsz,,9755792436,"2025-09-05 15:31:45",0,"ugh come back queens 💔",no,https://scontent-lhr8-1.cdninstagram.com/v/t51.2885-19/47164046_2277010958976311_927852758596321280_n.jpg?stp=dst-jpg_s150x150_tt6&efg=eyJ2ZW5jb2RlX3RhZyI6InByb2ZpbGVfcGljLmRqYW5nby41MzMuYzIifQ&_nc_ht=scontent-lhr8-1.cdninstagram.com&_nc_cat=111&_nc_oc=Q6cZ2QHEV50Rk7iJV45UL9tel_lFbjpxveTYDTOynurpDBZVcgpieLeB0PWocDYTMRcoX5Q&_nc_ohc=z8cl15u8ZcAQ7kNvwF2naMj&_nc_gid=6TfbWrEwSEGx8S4URqZeGg&edm=AI-cjbYBAAAA&ccb=7-5&oh=00_Afb2Ff1KZxFKk_Kh0ama2jdikPsferkgpbn4GX5mbwzQLw&oe=68C760C5&_nc_sid=0985b0,18055448711569638,https://www.instagram.com/ming_mingsz,https://www.instagram.com/p/DMX8Q9Ny74P/c/18055448711569638
52,,makoa_san,,32694792504,"2025-09-05 16:30:36",0,"We want newjeans not fraudlitt",no,https://scontent-lhr6-2.cdninstagram.com/v/t51.2885-19/472049728_1351724499522244_6536935433097437394_n.jpg?stp=dst-jpg_s150x150_tt6&efg=eyJ2ZW5jb2RlX3RhZyI6InByb2ZpbGVfcGljLmRqYW5nby42NDAuYzIifQ&_nc_ht=scontent-lhr6-2.cdninstagram.com&_nc_cat=104&_nc_oc=Q6cZ2QHEV50Rk7iJV45UL9tel_lFbjpxveTYDTOynurpDBZVcgpieLeB0PWocDYTMRcoX5Q&_nc_ohc=T24cyMD9iAIQ7kNvwEqwdHb&_nc_gid=6TfbWrEwSEGx8S4URqZeGg&edm=AI-cjbYBAAAA&ccb=7-5&oh=00_AfZDc6waKvoInWEFGEVpQe2PAEVWPYcwksyzy2I9JIUmsQ&oe=68C77BA1&_nc_sid=0985b0,17859895158427695,https://www.instagram.com/makoa_san,https://www.instagram.com/p/DMX8Q9Ny74P/c/17859895158427695
53,,brown00039,,71882962392,"2025-09-05 16:41:41",0,"K-pop loves to imitate Japanese culture...😮",no,https://scontent-lhr6-2.cdninstagram.com/v/t51.2885-19/473823699_1138415434409741_3997394616232819967_n.jpg?stp=dst-jpg_s150x150_tt6&efg=eyJ2ZW5jb2RlX3RhZyI6InByb2ZpbGVfcGljLmRqYW5nby40NzYuYzIifQ&_nc_ht=scontent-lhr6-2.cdninstagram.com&_nc_cat=105&_nc_oc=Q6cZ2QHEV50Rk7iJV45UL9tel_lFbjpxveTYDTOynurpDBZVcgpieLeB0PWocDYTMRcoX5Q&_nc_ohc=JcnQfUMARkIQ7kNvwHHQSUj&_nc_gid=6TfbWrEwSEGx8S4URqZeGg&edm=AI-cjbYBAAAA&ccb=7-5&oh=00_AfYIZgjLFjmXsnfOnTOsxQxZvC22r-nSKzOBllE7ggRK3w&oe=68C7753E&_nc_sid=0985b0,18069532760272324,https://www.instagram.com/brown00039,https://www.instagram.com/p/DMX8Q9Ny74P/c/18069532760272324
54,,notmenothermioneyouuuu,,903354109,"2025-09-05 17:05:12",0,"I miss you m, girls! 😔😭",no,https://scontent-lhr6-1.cdninstagram.com/v/t51.2885-19/542854745_18518131882058110_9141381223915544512_n.jpg?stp=dst-jpg_s150x150_tt6&efg=eyJ2ZW5jb2RlX3RhZyI6InByb2ZpbGVfcGljLmRqYW5nby43NjcuYzIifQ&_nc_ht=scontent-lhr6-1.cdninstagram.com&_nc_cat=110&_nc_oc=Q6cZ2QE1cOOVkC-PXkjA-Ski5cU_NLv22MckC6HFthhen8I0D_G85-sFmFiFkaigjoVAtSo&_nc_ohc=zDezTv4rNlMQ7kNvwHE_q6D&_nc_gid=JQ-BbzwTIFjno5pB7JXCGA&edm=AI-cjbYBAAAA&ccb=7-5&oh=00_AfYvCZKybYo17DfnhC6SGmGJ6USC0vEKKAeoHOthmHr6ZQ&oe=68C754D0&_nc_sid=0985b0,17974246388920116,https://www.instagram.com/notmenothermioneyouuuu,https://www.instagram.com/p/DMX8Q9Ny74P/c/17974246388920116
55,,m_olive_lim,,389075112,"2025-09-05 22:00:38",0,"이거 아니야 ㅠㅠㅠㅠㅠㅠㅠㅠㅠㅠㅠㅠㅠㅠ",no,https://scontent-lhr8-1.cdninstagram.com/v/t51.2885-19/11311083_1528729144018703_385724482_a.jpg?stp=dst-jpg_s150x150_tt6&efg=eyJ2ZW5jb2RlX3RhZyI6InByb2ZpbGVfcGljLmRqYW5nby4xNTAuYzIifQ&_nc_ht=scontent-lhr8-1.cdninstagram.com&_nc_cat=111&_nc_oc=Q6cZ2QE1cOOVkC-PXkjA-Ski5cU_NLv22MckC6HFthhen8I0D_G85-sFmFiFkaigjoVAtSo&_nc_ohc=YFIRLSmoQfoQ7kNvwEpOdxR&_nc_gid=JQ-BbzwTIFjno5pB7JXCGA&edm=AI-cjbYBAAAA&ccb=7-5&oh=00_Afbv6VM3BDJOtX71fkAbHEU5o5IXde4qEFhjTijw49MUmw&oe=68C771E1&_nc_sid=0985b0,18082606940500445,https://www.instagram.com/m_olive_lim,https://www.instagram.com/p/DMX8Q9Ny74P/c/18082606940500445
56,,ud._.eun,,6990253289,"2025-09-06 00:29:08",0,"먼 해피3주년임? 하이브눈엔 지금이 해피해보임?",no,https://scontent-lhr6-2.cdninstagram.com/v/t51.2885-19/472113575_1081353567004853_2954618821624996356_n.jpg?stp=dst-jpg_s150x150_tt6&efg=eyJ2ZW5jb2RlX3RhZyI6InByb2ZpbGVfcGljLmRqYW5nby45ODEuYzIifQ&_nc_ht=scontent-lhr6-2.cdninstagram.com&_nc_cat=105&_nc_oc=Q6cZ2QE1cOOVkC-PXkjA-Ski5cU_NLv22MckC6HFthhen8I0D_G85-sFmFiFkaigjoVAtSo&_nc_ohc=RxNJhI1mJtUQ7kNvwHkfkI0&_nc_gid=JQ-BbzwTIFjno5pB7JXCGA&edm=AI-cjbYBAAAA&ccb=7-5&oh=00_AfZ4wGMz4iFhmEWkgilExN3qH_CHhLe1aLFhPlrB5toTRg&oe=68C777BB&_nc_sid=0985b0,17888313774344164,https://www.instagram.com/ud._.eun,https://www.instagram.com/p/DMX8Q9Ny74P/c/17888313774344164
57,,jennymeirinaa,,1539383403,"2025-09-06 00:35:39",0,"guys miss u🥺",no,https://scontent-lhr6-2.cdninstagram.com/v/t51.2885-19/535911808_18524489971055404_5652893000607801593_n.jpg?stp=dst-jpg_s150x150_tt6&efg=eyJ2ZW5jb2RlX3RhZyI6InByb2ZpbGVfcGljLmRqYW5nby4xMDgwLmMyIn0&_nc_ht=scontent-lhr6-2.cdninstagram.com&_nc_cat=104&_nc_oc=Q6cZ2QE1cOOVkC-PXkjA-Ski5cU_NLv22MckC6HFthhen8I0D_G85-sFmFiFkaigjoVAtSo&_nc_ohc=j7PQIhY_7cEQ7kNvwEwwGw-&_nc_gid=JQ-BbzwTIFjno5pB7JXCGA&edm=AI-cjbYBAAAA&ccb=7-5&oh=00_AfaOC613dNBONUIQ5RwBHJkv5kpJyM6_YPK0H8wKksvirQ&oe=68C76228&_nc_sid=0985b0,17919921378150518,https://www.instagram.com/jennymeirinaa,https://www.instagram.com/p/DMX8Q9Ny74P/c/17919921378150518
58,,yourloacalpotato_pookie,,76671951675,"2025-09-06 01:29:45",0,"Are we deadass😭💔",no,https://scontent-lhr8-1.cdninstagram.com/v/t51.2885-19/539468309_17845752204559676_3092868775988585461_n.jpg?stp=dst-jpg_s150x150_tt6&efg=eyJ2ZW5jb2RlX3RhZyI6InByb2ZpbGVfcGljLmRqYW5nby4xMDgwLmMyIn0&_nc_ht=scontent-lhr8-1.cdninstagram.com&_nc_cat=108&_nc_oc=Q6cZ2QE1cOOVkC-PXkjA-Ski5cU_NLv22MckC6HFthhen8I0D_G85-sFmFiFkaigjoVAtSo&_nc_ohc=zphF6Puc_wsQ7kNvwGlI50c&_nc_gid=JQ-BbzwTIFjno5pB7JXCGA&edm=AI-cjbYBAAAA&ccb=7-5&oh=00_AfamiIqwVQGd62SB4ogyZ3OBrqQIKx6umemRm3G4lRZ5jA&oe=68C77DE1&_nc_sid=0985b0,18089139796828907,https://www.instagram.com/yourloacalpotato_pookie,https://www.instagram.com/p/DMX8Q9Ny74P/c/18089139796828907
59,,makhsetov__d,,46847232842,"2025-09-06 05:40:06",0,"I miss you NEW JEEEEEEEEEEEEEEEEANS",no,https://scontent-lhr8-1.cdninstagram.com/v/t51.2885-19/503095969_18040775687560843_4327123055084686865_n.jpg?stp=dst-jpg_s150x150_tt6&efg=eyJ2ZW5jb2RlX3RhZyI6InByb2ZpbGVfcGljLmRqYW5nby4xMDgwLmMyIn0&_nc_ht=scontent-lhr8-1.cdninstagram.com&_nc_cat=107&_nc_oc=Q6cZ2QE1cOOVkC-PXkjA-Ski5cU_NLv22MckC6HFthhen8I0D_G85-sFmFiFkaigjoVAtSo&_nc_ohc=XKVLB-ahRckQ7kNvwHbIKzt&_nc_gid=JQ-BbzwTIFjno5pB7JXCGA&edm=AI-cjbYBAAAA&ccb=7-5&oh=00_AfZZp87ffIPp_TR6P74bLjoM7Duwbnl7gc9CK8Fdzosf5Q&oe=68C74EA2&_nc_sid=0985b0,18070179335152586,https://www.instagram.com/makhsetov__d,https://www.instagram.com/p/DMX8Q9Ny74P/c/18070179335152586
60,,officialcharliet,,1256428568,"2025-09-06 05:47:26",0,"WE MISS NEW JEANS!",no,https://scontent-lhr8-2.cdninstagram.com/v/t51.2885-19/362702766_2843056202504137_3389106612086341221_n.jpg?stp=dst-jpg_s150x150_tt6&efg=eyJ2ZW5jb2RlX3RhZyI6InByb2ZpbGVfcGljLmRqYW5nby4xMDgwLmMyIn0&_nc_ht=scontent-lhr8-2.cdninstagram.com&_nc_cat=101&_nc_oc=Q6cZ2QE1cOOVkC-PXkjA-Ski5cU_NLv22MckC6HFthhen8I0D_G85-sFmFiFkaigjoVAtSo&_nc_ohc=TV7F3zgNsDcQ7kNvwG8xSBt&_nc_gid=JQ-BbzwTIFjno5pB7JXCGA&edm=AI-cjbYBAAAA&ccb=7-5&oh=00_AfblSMyOdtfgGKL1vzvo-0_nVHNnSm9Od63bszHMTEky8Q&oe=68C74AC4&_nc_sid=0985b0,18065171132350523,https://www.instagram.com/officialcharliet,https://www.instagram.com/p/DMX8Q9Ny74P/c/18065171132350523
61,,straykids_stan21,,76107685562,"2025-09-06 07:47:39",0,😭😭😭😭😭,no,https://scontent-lhr8-2.cdninstagram.com/v/t51.2885-19/538393650_17849600418541563_5084454041103377615_n.jpg?stp=dst-jpg_s150x150_tt6&efg=eyJ2ZW5jb2RlX3RhZyI6InByb2ZpbGVfcGljLmRqYW5nby4xMDgwLmMyIn0&_nc_ht=scontent-lhr8-2.cdninstagram.com&_nc_cat=103&_nc_oc=Q6cZ2QE1cOOVkC-PXkjA-Ski5cU_NLv22MckC6HFthhen8I0D_G85-sFmFiFkaigjoVAtSo&_nc_ohc=-tbUR4BDYkAQ7kNvwFDUpaY&_nc_gid=JQ-BbzwTIFjno5pB7JXCGA&edm=AI-cjbYBAAAA&ccb=7-5&oh=00_AfbKmEygzH0oso9moOIXYmloA3SHi-j5HEO1sT5TObZlOg&oe=68C75002&_nc_sid=0985b0,18023094452545528,https://www.instagram.com/straykids_stan21,https://www.instagram.com/p/DMX8Q9Ny74P/c/18023094452545528
62,,i_want_my_earings_backk,,26773142876,"2025-09-06 07:50:19",0,"@ffryzx12 假帳號爸媽欠殺",no,https://scontent-lhr6-2.cdninstagram.com/v/t51.2885-19/530370976_18083295745894877_4183106867285228367_n.jpg?stp=dst-jpg_s150x150_tt6&efg=eyJ2ZW5jb2RlX3RhZyI6InByb2ZpbGVfcGljLmRqYW5nby4xMDgwLmMyIn0&_nc_ht=scontent-lhr6-2.cdninstagram.com&_nc_cat=105&_nc_oc=Q6cZ2QE1cOOVkC-PXkjA-Ski5cU_NLv22MckC6HFthhen8I0D_G85-sFmFiFkaigjoVAtSo&_nc_ohc=tg-fKwElfsgQ7kNvwGhKjMs&_nc_gid=JQ-BbzwTIFjno5pB7JXCGA&edm=AI-cjbYBAAAA&ccb=7-5&oh=00_Afa1D__g_dGaTide6z5SIhVrr0FWdl6OGKdTQkbaKMcbtw&oe=68C77150&_nc_sid=0985b0,18519778261002246,https://www.instagram.com/i_want_my_earings_backk,https://www.instagram.com/p/DMX8Q9Ny74P/c/18519778261002246
63,,skz44444,,65223838442,"2025-09-06 07:58:48",0,"Miss youuuuuu😭💋💋💗",no,https://scontent-lhr8-1.cdninstagram.com/v/t51.2885-19/542366788_17916598671174443_7745011704446208030_n.jpg?stp=dst-jpg_s150x150_tt6&efg=eyJ2ZW5jb2RlX3RhZyI6InByb2ZpbGVfcGljLmRqYW5nby4xMDgwLmMyIn0&_nc_ht=scontent-lhr8-1.cdninstagram.com&_nc_cat=111&_nc_oc=Q6cZ2QE1cOOVkC-PXkjA-Ski5cU_NLv22MckC6HFthhen8I0D_G85-sFmFiFkaigjoVAtSo&_nc_ohc=_BvkwWAAJlQQ7kNvwHTxiZq&_nc_gid=JQ-BbzwTIFjno5pB7JXCGA&edm=AI-cjbYBAAAA&ccb=7-5&oh=00_AfZncsk60WqxB320TWk2MeCEeTcz5xc6UrLFPsdr2n4J9g&oe=68C76FBB&_nc_sid=0985b0,18480720061075104,https://www.instagram.com/skz44444,https://www.instagram.com/p/DMX8Q9Ny74P/c/18480720061075104
64,,ffryzx12,,76424544149,"2025-09-06 07:59:07",0,"@i_want_my_earings_backk 滿嘴噴糞自拍更是全家福一張😍",no,https://scontent-lhr6-1.cdninstagram.com/v/t51.2885-19/527574849_17844373473544150_4852537181849323572_n.jpg?stp=dst-jpg_s150x150_tt6&efg=eyJ2ZW5jb2RlX3RhZyI6InByb2ZpbGVfcGljLmRqYW5nby44NzAuYzIifQ&_nc_ht=scontent-lhr6-1.cdninstagram.com&_nc_cat=110&_nc_oc=Q6cZ2QE1cOOVkC-PXkjA-Ski5cU_NLv22MckC6HFthhen8I0D_G85-sFmFiFkaigjoVAtSo&_nc_ohc=KOzfsfZ0iUsQ7kNvwH4KvTJ&_nc_gid=JQ-BbzwTIFjno5pB7JXCGA&edm=AI-cjbYBAAAA&ccb=7-5&oh=00_AfY6tEUR6OkAHjgIKXzGLDI7_K49C6l2DnZ2Rz7iN-jZhg&oe=68C77D30&_nc_sid=0985b0,18523636210054759,https://www.instagram.com/ffryzx12,https://www.instagram.com/p/DMX8Q9Ny74P/c/18523636210054759
65,,ffryzx12,,76424544149,"2025-09-06 07:59:47",0,"@i_want_my_earings_backk 戳爆你骯髒心理 你繼續加油抹黑",no,https://scontent-lhr6-1.cdninstagram.com/v/t51.2885-19/527574849_17844373473544150_4852537181849323572_n.jpg?stp=dst-jpg_s150x150_tt6&efg=eyJ2ZW5jb2RlX3RhZyI6InByb2ZpbGVfcGljLmRqYW5nby44NzAuYzIifQ&_nc_ht=scontent-lhr6-1.cdninstagram.com&_nc_cat=110&_nc_oc=Q6cZ2QE1cOOVkC-PXkjA-Ski5cU_NLv22MckC6HFthhen8I0D_G85-sFmFiFkaigjoVAtSo&_nc_ohc=KOzfsfZ0iUsQ7kNvwH4KvTJ&_nc_gid=JQ-BbzwTIFjno5pB7JXCGA&edm=AI-cjbYBAAAA&ccb=7-5&oh=00_AfY6tEUR6OkAHjgIKXzGLDI7_K49C6l2DnZ2Rz7iN-jZhg&oe=68C77D30&_nc_sid=0985b0,18014878676785643,https://www.instagram.com/ffryzx12,https://www.instagram.com/p/DMX8Q9Ny74P/c/18014878676785643
66,,ffryzx12,,76424544149,"2025-09-06 08:01:25",0,"@i_want_my_earings_backk 台獨去斯",no,https://scontent-lhr6-1.cdninstagram.com/v/t51.2885-19/527574849_17844373473544150_4852537181849323572_n.jpg?stp=dst-jpg_s150x150_tt6&efg=eyJ2ZW5jb2RlX3RhZyI6InByb2ZpbGVfcGljLmRqYW5nby44NzAuYzIifQ&_nc_ht=scontent-lhr6-1.cdninstagram.com&_nc_cat=110&_nc_oc=Q6cZ2QE1cOOVkC-PXkjA-Ski5cU_NLv22MckC6HFthhen8I0D_G85-sFmFiFkaigjoVAtSo&_nc_ohc=KOzfsfZ0iUsQ7kNvwH4KvTJ&_nc_gid=JQ-BbzwTIFjno5pB7JXCGA&edm=AI-cjbYBAAAA&ccb=7-5&oh=00_AfY6tEUR6OkAHjgIKXzGLDI7_K49C6l2DnZ2Rz7iN-jZhg&oe=68C77D30&_nc_sid=0985b0,18123403090485923,https://www.instagram.com/ffryzx12,https://www.instagram.com/p/DMX8Q9Ny74P/c/18123403090485923
67,,i_want_my_earings_backk,,26773142876,"2025-09-06 08:02:08",0,"@ffryzx12 這也可以扯台獨？你還住在台灣喔？超可憐別以為全世界都住台灣",no,https://scontent-lhr6-2.cdninstagram.com/v/t51.2885-19/530370976_18083295745894877_4183106867285228367_n.jpg?stp=dst-jpg_s150x150_tt6&efg=eyJ2ZW5jb2RlX3RhZyI6InByb2ZpbGVfcGljLmRqYW5nby4xMDgwLmMyIn0&_nc_ht=scontent-lhr6-2.cdninstagram.com&_nc_cat=105&_nc_oc=Q6cZ2QE1cOOVkC-PXkjA-Ski5cU_NLv22MckC6HFthhen8I0D_G85-sFmFiFkaigjoVAtSo&_nc_ohc=tg-fKwElfsgQ7kNvwGhKjMs&_nc_gid=JQ-BbzwTIFjno5pB7JXCGA&edm=AI-cjbYBAAAA&ccb=7-5&oh=00_Afa1D__g_dGaTide6z5SIhVrr0FWdl6OGKdTQkbaKMcbtw&oe=68C77150&_nc_sid=0985b0,17867689083442899,https://www.instagram.com/i_want_my_earings_backk,https://www.instagram.com/p/DMX8Q9Ny74P/c/17867689083442899
68,,ffryzx12,,76424544149,"2025-09-06 08:03:12",0,"@i_want_my_earings_backk 港獨澳獨去斯唄 繼續在陽間幹陰間事",no,https://scontent-lhr6-1.cdninstagram.com/v/t51.2885-19/527574849_17844373473544150_4852537181849323572_n.jpg?stp=dst-jpg_s150x150_tt6&efg=eyJ2ZW5jb2RlX3RhZyI6InByb2ZpbGVfcGljLmRqYW5nby44NzAuYzIifQ&_nc_ht=scontent-lhr6-1.cdninstagram.com&_nc_cat=110&_nc_oc=Q6cZ2QE1cOOVkC-PXkjA-Ski5cU_NLv22MckC6HFthhen8I0D_G85-sFmFiFkaigjoVAtSo&_nc_ohc=KOzfsfZ0iUsQ7kNvwH4KvTJ&_nc_gid=JQ-BbzwTIFjno5pB7JXCGA&edm=AI-cjbYBAAAA&ccb=7-5&oh=00_AfY6tEUR6OkAHjgIKXzGLDI7_K49C6l2DnZ2Rz7iN-jZhg&oe=68C77D30&_nc_sid=0985b0,18056019644627587,https://www.instagram.com/ffryzx12,https://www.instagram.com/p/DMX8Q9Ny74P/c/18056019644627587
69,,ffryzx12,,76424544149,"2025-09-06 08:03:46",0,"@i_want_my_earings_backk 你蠻可憐的 開個私密帳號意義是？繼續陰",no,https://scontent-lhr6-1.cdninstagram.com/v/t51.2885-19/527574849_17844373473544150_4852537181849323572_n.jpg?stp=dst-jpg_s150x150_tt6&efg=eyJ2ZW5jb2RlX3RhZyI6InByb2ZpbGVfcGljLmRqYW5nby44NzAuYzIifQ&_nc_ht=scontent-lhr6-1.cdninstagram.com&_nc_cat=110&_nc_oc=Q6cZ2QE1cOOVkC-PXkjA-Ski5cU_NLv22MckC6HFthhen8I0D_G85-sFmFiFkaigjoVAtSo&_nc_ohc=KOzfsfZ0iUsQ7kNvwH4KvTJ&_nc_gid=JQ-BbzwTIFjno5pB7JXCGA&edm=AI-cjbYBAAAA&ccb=7-5&oh=00_AfY6tEUR6OkAHjgIKXzGLDI7_K49C6l2DnZ2Rz7iN-jZhg&oe=68C77D30&_nc_sid=0985b0,17844195216567765,https://www.instagram.com/ffryzx12,https://www.instagram.com/p/DMX8Q9Ny74P/c/17844195216567765
70,,ffryzx12,,76424544149,"2025-09-06 08:04:11",0,"@i_want_my_earings_backk 嘴巴比你後面還要臭你聞到沒",no,https://scontent-lhr6-1.cdninstagram.com/v/t51.2885-19/527574849_17844373473544150_4852537181849323572_n.jpg?stp=dst-jpg_s150x150_tt6&efg=eyJ2ZW5jb2RlX3RhZyI6InByb2ZpbGVfcGljLmRqYW5nby44NzAuYzIifQ&_nc_ht=scontent-lhr6-1.cdninstagram.com&_nc_cat=110&_nc_oc=Q6cZ2QE1cOOVkC-PXkjA-Ski5cU_NLv22MckC6HFthhen8I0D_G85-sFmFiFkaigjoVAtSo&_nc_ohc=KOzfsfZ0iUsQ7kNvwH4KvTJ&_nc_gid=JQ-BbzwTIFjno5pB7JXCGA&edm=AI-cjbYBAAAA&ccb=7-5&oh=00_AfY6tEUR6OkAHjgIKXzGLDI7_K49C6l2DnZ2Rz7iN-jZhg&oe=68C77D30&_nc_sid=0985b0,18115743781458666,https://www.instagram.com/ffryzx12,https://www.instagram.com/p/DMX8Q9Ny74P/c/18115743781458666
71,,i_want_my_earings_backk,,26773142876,"2025-09-06 08:04:36",0,"@ffryzx12 比假帳號還要好 祝妳偶像跟爸媽等等都可以死掉",no,https://scontent-lhr6-2.cdninstagram.com/v/t51.2885-19/530370976_18083295745894877_4183106867285228367_n.jpg?stp=dst-jpg_s150x150_tt6&efg=eyJ2ZW5jb2RlX3RhZyI6InByb2ZpbGVfcGljLmRqYW5nby4xMDgwLmMyIn0&_nc_ht=scontent-lhr6-2.cdninstagram.com&_nc_cat=105&_nc_oc=Q6cZ2QE1cOOVkC-PXkjA-Ski5cU_NLv22MckC6HFthhen8I0D_G85-sFmFiFkaigjoVAtSo&_nc_ohc=tg-fKwElfsgQ7kNvwGhKjMs&_nc_gid=JQ-BbzwTIFjno5pB7JXCGA&edm=AI-cjbYBAAAA&ccb=7-5&oh=00_Afa1D__g_dGaTide6z5SIhVrr0FWdl6OGKdTQkbaKMcbtw&oe=68C77150&_nc_sid=0985b0,17942846277047234,https://www.instagram.com/i_want_my_earings_backk,https://www.instagram.com/p/DMX8Q9Ny74P/c/17942846277047234
72,,ffryzx12,,76424544149,"2025-09-06 08:04:45",0,"@i_want_my_earings_backk 都曉得怕別人來攻擊你 自己在這裡唱獨角戲累不累",no,https://scontent-lhr6-1.cdninstagram.com/v/t51.2885-19/527574849_17844373473544150_4852537181849323572_n.jpg?stp=dst-jpg_s150x150_tt6&efg=eyJ2ZW5jb2RlX3RhZyI6InByb2ZpbGVfcGljLmRqYW5nby44NzAuYzIifQ&_nc_ht=scontent-lhr6-1.cdninstagram.com&_nc_cat=110&_nc_oc=Q6cZ2QE1cOOVkC-PXkjA-Ski5cU_NLv22MckC6HFthhen8I0D_G85-sFmFiFkaigjoVAtSo&_nc_ohc=KOzfsfZ0iUsQ7kNvwH4KvTJ&_nc_gid=JQ-BbzwTIFjno5pB7JXCGA&edm=AI-cjbYBAAAA&ccb=7-5&oh=00_AfY6tEUR6OkAHjgIKXzGLDI7_K49C6l2DnZ2Rz7iN-jZhg&oe=68C77D30&_nc_sid=0985b0,18089937676755636,https://www.instagram.com/ffryzx12,https://www.instagram.com/p/DMX8Q9Ny74P/c/18089937676755636
73,,i_want_my_earings_backk,,26773142876,"2025-09-06 08:04:59",0,"@ffryzx12 我聞到你爸嗎的屍味",no,https://scontent-lhr6-2.cdninstagram.com/v/t51.2885-19/530370976_18083295745894877_4183106867285228367_n.jpg?stp=dst-jpg_s150x150_tt6&efg=eyJ2ZW5jb2RlX3RhZyI6InByb2ZpbGVfcGljLmRqYW5nby4xMDgwLmMyIn0&_nc_ht=scontent-lhr6-2.cdninstagram.com&_nc_cat=105&_nc_oc=Q6cZ2QE1cOOVkC-PXkjA-Ski5cU_NLv22MckC6HFthhen8I0D_G85-sFmFiFkaigjoVAtSo&_nc_ohc=tg-fKwElfsgQ7kNvwGhKjMs&_nc_gid=JQ-BbzwTIFjno5pB7JXCGA&edm=AI-cjbYBAAAA&ccb=7-5&oh=00_Afa1D__g_dGaTide6z5SIhVrr0FWdl6OGKdTQkbaKMcbtw&oe=68C77150&_nc_sid=0985b0,18369922210198103,https://www.instagram.com/i_want_my_earings_backk,https://www.instagram.com/p/DMX8Q9Ny74P/c/18369922210198103
74,,ffryzx12,,76424544149,"2025-09-06 08:05:23",0,"@i_want_my_earings_backk 不男不女的怪物 真好意思出來貼臉 想被關愛缺愛就直說",no,https://scontent-lhr6-1.cdninstagram.com/v/t51.2885-19/527574849_17844373473544150_4852537181849323572_n.jpg?stp=dst-jpg_s150x150_tt6&efg=eyJ2ZW5jb2RlX3RhZyI6InByb2ZpbGVfcGljLmRqYW5nby44NzAuYzIifQ&_nc_ht=scontent-lhr6-1.cdninstagram.com&_nc_cat=110&_nc_oc=Q6cZ2QE1cOOVkC-PXkjA-Ski5cU_NLv22MckC6HFthhen8I0D_G85-sFmFiFkaigjoVAtSo&_nc_ohc=KOzfsfZ0iUsQ7kNvwH4KvTJ&_nc_gid=JQ-BbzwTIFjno5pB7JXCGA&edm=AI-cjbYBAAAA&ccb=7-5&oh=00_AfY6tEUR6OkAHjgIKXzGLDI7_K49C6l2DnZ2Rz7iN-jZhg&oe=68C77D30&_nc_sid=0985b0,18055865456176536,https://www.instagram.com/ffryzx12,https://www.instagram.com/p/DMX8Q9Ny74P/c/18055865456176536
75,,i_want_my_earings_backk,,26773142876,"2025-09-06 08:05:28",0,"@ffryzx12 我留我的言你自己要出來丟臉🥺",no,https://scontent-lhr6-2.cdninstagram.com/v/t51.2885-19/530370976_18083295745894877_4183106867285228367_n.jpg?stp=dst-jpg_s150x150_tt6&efg=eyJ2ZW5jb2RlX3RhZyI6InByb2ZpbGVfcGljLmRqYW5nby4xMDgwLmMyIn0&_nc_ht=scontent-lhr6-2.cdninstagram.com&_nc_cat=105&_nc_oc=Q6cZ2QE1cOOVkC-PXkjA-Ski5cU_NLv22MckC6HFthhen8I0D_G85-sFmFiFkaigjoVAtSo&_nc_ohc=tg-fKwElfsgQ7kNvwGhKjMs&_nc_gid=JQ-BbzwTIFjno5pB7JXCGA&edm=AI-cjbYBAAAA&ccb=7-5&oh=00_Afa1D__g_dGaTide6z5SIhVrr0FWdl6OGKdTQkbaKMcbtw&oe=68C77150&_nc_sid=0985b0,18024322460726606,https://www.instagram.com/i_want_my_earings_backk,https://www.instagram.com/p/DMX8Q9Ny74P/c/18024322460726606
76,,i_want_my_earings_backk,,26773142876,"2025-09-06 08:05:56",0,"@ffryzx12 沒意義的人身攻擊很無聊好嗎",no,https://scontent-lhr6-2.cdninstagram.com/v/t51.2885-19/530370976_18083295745894877_4183106867285228367_n.jpg?stp=dst-jpg_s150x150_tt6&efg=eyJ2ZW5jb2RlX3RhZyI6InByb2ZpbGVfcGljLmRqYW5nby4xMDgwLmMyIn0&_nc_ht=scontent-lhr6-2.cdninstagram.com&_nc_cat=105&_nc_oc=Q6cZ2QE1cOOVkC-PXkjA-Ski5cU_NLv22MckC6HFthhen8I0D_G85-sFmFiFkaigjoVAtSo&_nc_ohc=tg-fKwElfsgQ7kNvwGhKjMs&_nc_gid=JQ-BbzwTIFjno5pB7JXCGA&edm=AI-cjbYBAAAA&ccb=7-5&oh=00_Afa1D__g_dGaTide6z5SIhVrr0FWdl6OGKdTQkbaKMcbtw&oe=68C77150&_nc_sid=0985b0,18091155523766721,https://www.instagram.com/i_want_my_earings_backk,https://www.instagram.com/p/DMX8Q9Ny74P/c/18091155523766721
77,,i_want_my_earings_backk,,26773142876,"2025-09-06 08:06:16",0,"@ffryzx12 你晚上就鎖好你的門",no,https://scontent-lhr6-2.cdninstagram.com/v/t51.2885-19/530370976_18083295745894877_4183106867285228367_n.jpg?stp=dst-jpg_s150x150_tt6&efg=eyJ2ZW5jb2RlX3RhZyI6InByb2ZpbGVfcGljLmRqYW5nby4xMDgwLmMyIn0&_nc_ht=scontent-lhr6-2.cdninstagram.com&_nc_cat=105&_nc_oc=Q6cZ2QE1cOOVkC-PXkjA-Ski5cU_NLv22MckC6HFthhen8I0D_G85-sFmFiFkaigjoVAtSo&_nc_ohc=tg-fKwElfsgQ7kNvwGhKjMs&_nc_gid=JQ-BbzwTIFjno5pB7JXCGA&edm=AI-cjbYBAAAA&ccb=7-5&oh=00_Afa1D__g_dGaTide6z5SIhVrr0FWdl6OGKdTQkbaKMcbtw&oe=68C77150&_nc_sid=0985b0,18084947047894855,https://www.instagram.com/i_want_my_earings_backk,https://www.instagram.com/p/DMX8Q9Ny74P/c/18084947047894855
78,,ffryzx12,,76424544149,"2025-09-06 08:06:24",0,"@i_want_my_earings_backk 攻擊力不強疑似在向我撒嬌🥺",no,https://scontent-lhr6-1.cdninstagram.com/v/t51.2885-19/527574849_17844373473544150_4852537181849323572_n.jpg?stp=dst-jpg_s150x150_tt6&efg=eyJ2ZW5jb2RlX3RhZyI6InByb2ZpbGVfcGljLmRqYW5nby44NzAuYzIifQ&_nc_ht=scontent-lhr6-1.cdninstagram.com&_nc_cat=110&_nc_oc=Q6cZ2QE1cOOVkC-PXkjA-Ski5cU_NLv22MckC6HFthhen8I0D_G85-sFmFiFkaigjoVAtSo&_nc_ohc=KOzfsfZ0iUsQ7kNvwH4KvTJ&_nc_gid=JQ-BbzwTIFjno5pB7JXCGA&edm=AI-cjbYBAAAA&ccb=7-5&oh=00_AfY6tEUR6OkAHjgIKXzGLDI7_K49C6l2DnZ2Rz7iN-jZhg&oe=68C77D30&_nc_sid=0985b0,18305511901219529,https://www.instagram.com/ffryzx12,https://www.instagram.com/p/DMX8Q9Ny74P/c/18305511901219529
79,,i_want_my_earings_backk,,26773142876,"2025-09-06 08:06:24",0,"@ffryzx12 請你父母小心點",no,https://scontent-lhr6-2.cdninstagram.com/v/t51.2885-19/530370976_18083295745894877_4183106867285228367_n.jpg?stp=dst-jpg_s150x150_tt6&efg=eyJ2ZW5jb2RlX3RhZyI6InByb2ZpbGVfcGljLmRqYW5nby4xMDgwLmMyIn0&_nc_ht=scontent-lhr6-2.cdninstagram.com&_nc_cat=105&_nc_oc=Q6cZ2QE1cOOVkC-PXkjA-Ski5cU_NLv22MckC6HFthhen8I0D_G85-sFmFiFkaigjoVAtSo&_nc_ohc=tg-fKwElfsgQ7kNvwGhKjMs&_nc_gid=JQ-BbzwTIFjno5pB7JXCGA&edm=AI-cjbYBAAAA&ccb=7-5&oh=00_Afa1D__g_dGaTide6z5SIhVrr0FWdl6OGKdTQkbaKMcbtw&oe=68C77150&_nc_sid=0985b0,18163963408375371,https://www.instagram.com/i_want_my_earings_backk,https://www.instagram.com/p/DMX8Q9Ny74P/c/18163963408375371
80,,i_want_my_earings_backk,,26773142876,"2025-09-06 08:06:35",0,"@ffryzx12 等等就查你們家住址",no,https://scontent-lhr6-2.cdninstagram.com/v/t51.2885-19/530370976_18083295745894877_4183106867285228367_n.jpg?stp=dst-jpg_s150x150_tt6&efg=eyJ2ZW5jb2RlX3RhZyI6InByb2ZpbGVfcGljLmRqYW5nby4xMDgwLmMyIn0&_nc_ht=scontent-lhr6-2.cdninstagram.com&_nc_cat=105&_nc_oc=Q6cZ2QE1cOOVkC-PXkjA-Ski5cU_NLv22MckC6HFthhen8I0D_G85-sFmFiFkaigjoVAtSo&_nc_ohc=tg-fKwElfsgQ7kNvwGhKjMs&_nc_gid=JQ-BbzwTIFjno5pB7JXCGA&edm=AI-cjbYBAAAA&ccb=7-5&oh=00_Afa1D__g_dGaTide6z5SIhVrr0FWdl6OGKdTQkbaKMcbtw&oe=68C77150&_nc_sid=0985b0,18095566099584181,https://www.instagram.com/i_want_my_earings_backk,https://www.instagram.com/p/DMX8Q9Ny74P/c/18095566099584181
81,,ffryzx12,,76424544149,"2025-09-06 08:06:40",0,"@i_want_my_earings_backk 你沒有爸媽嗎這麼喜歡提別人爸媽",no,https://scontent-lhr6-1.cdninstagram.com/v/t51.2885-19/527574849_17844373473544150_4852537181849323572_n.jpg?stp=dst-jpg_s150x150_tt6&efg=eyJ2ZW5jb2RlX3RhZyI6InByb2ZpbGVfcGljLmRqYW5nby44NzAuYzIifQ&_nc_ht=scontent-lhr6-1.cdninstagram.com&_nc_cat=110&_nc_oc=Q6cZ2QE1cOOVkC-PXkjA-Ski5cU_NLv22MckC6HFthhen8I0D_G85-sFmFiFkaigjoVAtSo&_nc_ohc=KOzfsfZ0iUsQ7kNvwH4KvTJ&_nc_gid=JQ-BbzwTIFjno5pB7JXCGA&edm=AI-cjbYBAAAA&ccb=7-5&oh=00_AfY6tEUR6OkAHjgIKXzGLDI7_K49C6l2DnZ2Rz7iN-jZhg&oe=68C77D30&_nc_sid=0985b0,17850677430502236,https://www.instagram.com/ffryzx12,https://www.instagram.com/p/DMX8Q9Ny74P/c/17850677430502236
82,,i_want_my_earings_backk,,26773142876,"2025-09-06 08:06:54",0,"@ffryzx12 向你爸媽的屍體撒尿🥺",no,https://scontent-lhr6-2.cdninstagram.com/v/t51.2885-19/530370976_18083295745894877_4183106867285228367_n.jpg?stp=dst-jpg_s150x150_tt6&efg=eyJ2ZW5jb2RlX3RhZyI6InByb2ZpbGVfcGljLmRqYW5nby4xMDgwLmMyIn0&_nc_ht=scontent-lhr6-2.cdninstagram.com&_nc_cat=105&_nc_oc=Q6cZ2QE1cOOVkC-PXkjA-Ski5cU_NLv22MckC6HFthhen8I0D_G85-sFmFiFkaigjoVAtSo&_nc_ohc=tg-fKwElfsgQ7kNvwGhKjMs&_nc_gid=JQ-BbzwTIFjno5pB7JXCGA&edm=AI-cjbYBAAAA&ccb=7-5&oh=00_Afa1D__g_dGaTide6z5SIhVrr0FWdl6OGKdTQkbaKMcbtw&oe=68C77150&_nc_sid=0985b0,18035266052704877,https://www.instagram.com/i_want_my_earings_backk,https://www.instagram.com/p/DMX8Q9Ny74P/c/18035266052704877
83,,ffryzx12,,76424544149,"2025-09-06 08:07:03",0,"@i_want_my_earings_backk 你先去一步哈 挺多人巴不得你去死",no,https://scontent-lhr6-1.cdninstagram.com/v/t51.2885-19/527574849_17844373473544150_4852537181849323572_n.jpg?stp=dst-jpg_s150x150_tt6&efg=eyJ2ZW5jb2RlX3RhZyI6InByb2ZpbGVfcGljLmRqYW5nby44NzAuYzIifQ&_nc_ht=scontent-lhr6-1.cdninstagram.com&_nc_cat=110&_nc_oc=Q6cZ2QE1cOOVkC-PXkjA-Ski5cU_NLv22MckC6HFthhen8I0D_G85-sFmFiFkaigjoVAtSo&_nc_ohc=KOzfsfZ0iUsQ7kNvwH4KvTJ&_nc_gid=JQ-BbzwTIFjno5pB7JXCGA&edm=AI-cjbYBAAAA&ccb=7-5&oh=00_AfY6tEUR6OkAHjgIKXzGLDI7_K49C6l2DnZ2Rz7iN-jZhg&oe=68C77D30&_nc_sid=0985b0,18054622898188648,https://www.instagram.com/ffryzx12,https://www.instagram.com/p/DMX8Q9Ny74P/c/18054622898188648
84,,i_want_my_earings_backk,,26773142876,"2025-09-06 08:07:11",0,"@ffryzx12 沒啊 專殺你爸嗎",no,https://scontent-lhr6-2.cdninstagram.com/v/t51.2885-19/530370976_18083295745894877_4183106867285228367_n.jpg?stp=dst-jpg_s150x150_tt6&efg=eyJ2ZW5jb2RlX3RhZyI6InByb2ZpbGVfcGljLmRqYW5nby4xMDgwLmMyIn0&_nc_ht=scontent-lhr6-2.cdninstagram.com&_nc_cat=105&_nc_oc=Q6cZ2QE1cOOVkC-PXkjA-Ski5cU_NLv22MckC6HFthhen8I0D_G85-sFmFiFkaigjoVAtSo&_nc_ohc=tg-fKwElfsgQ7kNvwGhKjMs&_nc_gid=JQ-BbzwTIFjno5pB7JXCGA&edm=AI-cjbYBAAAA&ccb=7-5&oh=00_Afa1D__g_dGaTide6z5SIhVrr0FWdl6OGKdTQkbaKMcbtw&oe=68C77150&_nc_sid=0985b0,17921426862119940,https://www.instagram.com/i_want_my_earings_backk,https://www.instagram.com/p/DMX8Q9Ny74P/c/17921426862119940
85,,ffryzx12,,76424544149,"2025-09-06 08:07:29",0,"@i_want_my_earings_backk 那你快來我這個假帳號這裡呀 快來殺了我",no,https://scontent-lhr6-1.cdninstagram.com/v/t51.2885-19/527574849_17844373473544150_4852537181849323572_n.jpg?stp=dst-jpg_s150x150_tt6&efg=eyJ2ZW5jb2RlX3RhZyI6InByb2ZpbGVfcGljLmRqYW5nby44NzAuYzIifQ&_nc_ht=scontent-lhr6-1.cdninstagram.com&_nc_cat=110&_nc_oc=Q6cZ2QE1cOOVkC-PXkjA-Ski5cU_NLv22MckC6HFthhen8I0D_G85-sFmFiFkaigjoVAtSo&_nc_ohc=KOzfsfZ0iUsQ7kNvwH4KvTJ&_nc_gid=JQ-BbzwTIFjno5pB7JXCGA&edm=AI-cjbYBAAAA&ccb=7-5&oh=00_AfY6tEUR6OkAHjgIKXzGLDI7_K49C6l2DnZ2Rz7iN-jZhg&oe=68C77D30&_nc_sid=0985b0,18115295944519184,https://www.instagram.com/ffryzx12,https://www.instagram.com/p/DMX8Q9Ny74P/c/18115295944519184
86,,dony11ao,,64220835460,"2025-09-06 09:18:41",0,😭😭😭😭😭😭,no,https://scontent-lhr8-1.cdninstagram.com/v/t51.2885-19/420443202_957022606035259_480916963948756169_n.jpg?stp=dst-jpg_s150x150_tt6&efg=eyJ2ZW5jb2RlX3RhZyI6InByb2ZpbGVfcGljLmRqYW5nby4xMDgwLmMyIn0&_nc_ht=scontent-lhr8-1.cdninstagram.com&_nc_cat=107&_nc_oc=Q6cZ2QE1cOOVkC-PXkjA-Ski5cU_NLv22MckC6HFthhen8I0D_G85-sFmFiFkaigjoVAtSo&_nc_ohc=pBO3t6EIBAEQ7kNvwFWW5GC&_nc_gid=JQ-BbzwTIFjno5pB7JXCGA&edm=AI-cjbYBAAAA&ccb=7-5&oh=00_AfbfbNBPk5XqJATRYSY3IDmAaPh_Z57iTrP4HDK7hQie8w&oe=68C7751F&_nc_sid=0985b0,18365858290146505,https://www.instagram.com/dony11ao,https://www.instagram.com/p/DMX8Q9Ny74P/c/18365858290146505
87,,sillasingsong,,3952790558,"2025-09-06 13:02:30",0,"Leave NJZ alone you fraud label",no,https://instagram.fcor2-2.fna.fbcdn.net/v/t51.2885-19/464760996_1254146839119862_3605321457742435801_n.png?stp=dst-jpg_e0_s150x150_tt6&efg=eyJ2ZW5jb2RlX3RhZyI6InByb2ZpbGVfcGljLmRqYW5nby4xNTAuYzIifQ&_nc_ht=instagram.fcor2-2.fna.fbcdn.net&_nc_cat=1&_nc_oc=Q6cZ2QHCpptOsnSSYm-VSkCQgJTPFnn7viUodiyiVDKz-1jHXw_5pceuqa0BcKiczqQqikY&_nc_ohc=ucKJyOTYQJMQ7kNvwFTh1kA&_nc_gid=Qq04Bm2HkvSQIKrdt2a8Rg&edm=APs17CUBAAAA&ccb=7-5&ig_cache_key=YW5vbnltb3VzX3Byb2ZpbGVfcGlj.3-ccb7-5&oh=00_AfYhUziSWdaO4QAP9DFMjCS_CYPTzcQTnkiulMRvkc-2pQ&oe=68C74A28&_nc_sid=10d13b,18087491491655401,https://www.instagram.com/sillasingsong,https://www.instagram.com/p/DMX8Q9Ny74P/c/18087491491655401
88,,lawliet_4419,,72549267631,"2025-09-06 14:02:19",0,"Borren la cuenta, queremos a new jeans de vuelta",no,https://scontent-lhr6-2.cdninstagram.com/v/t51.2885-19/541577467_17873628876419632_98657509206040474_n.jpg?stp=dst-jpg_s150x150_tt6&efg=eyJ2ZW5jb2RlX3RhZyI6InByb2ZpbGVfcGljLmRqYW5nby4xMDgwLmMyIn0&_nc_ht=scontent-lhr6-2.cdninstagram.com&_nc_cat=104&_nc_oc=Q6cZ2QE1cOOVkC-PXkjA-Ski5cU_NLv22MckC6HFthhen8I0D_G85-sFmFiFkaigjoVAtSo&_nc_ohc=mHheduQyrpcQ7kNvwGroJDn&_nc_gid=JQ-BbzwTIFjno5pB7JXCGA&edm=AI-cjbYBAAAA&ccb=7-5&oh=00_Afb5Fcm82NftqVORrhFBW9Kd52iV5pkvlbh8CwSERhCcRQ&oe=68C77016&_nc_sid=0985b0,18068091992463190,https://www.instagram.com/lawliet_4419,https://www.instagram.com/p/DMX8Q9Ny74P/c/18068091992463190
89,,ricko.yoi,,4631189640,"2025-09-06 15:02:58",0,"@kxiiverse_ 😭",no,https://scontent-lhr8-2.cdninstagram.com/v/t51.2885-19/539391415_18364911667157641_6966046271155994026_n.jpg?stp=dst-jpg_s150x150_tt6&efg=eyJ2ZW5jb2RlX3RhZyI6InByb2ZpbGVfcGljLmRqYW5nby4xMDgwLmMyIn0&_nc_ht=scontent-lhr8-2.cdninstagram.com&_nc_cat=101&_nc_oc=Q6cZ2QE1cOOVkC-PXkjA-Ski5cU_NLv22MckC6HFthhen8I0D_G85-sFmFiFkaigjoVAtSo&_nc_ohc=9nhKt8Rqz-4Q7kNvwHfTaQf&_nc_gid=JQ-BbzwTIFjno5pB7JXCGA&edm=AI-cjbYBAAAA&ccb=7-5&oh=00_AfZT7kpVyeuVAIiBZB_wO7Z3JzWetxq0odba91y5vsDA1Q&oe=68C7644B&_nc_sid=0985b0,18527214496042847,https://www.instagram.com/ricko.yoi,https://www.instagram.com/p/DMX8Q9Ny74P/c/18527214496042847
90,,walter_acm,,40781180,"2025-09-06 19:18:12",0,😭😭😭,no,https://scontent-lhr8-2.cdninstagram.com/v/t51.2885-19/26274793_2058611190846037_7873098928185409536_n.jpg?stp=dst-jpg_s150x150_tt6&efg=eyJ2ZW5jb2RlX3RhZyI6InByb2ZpbGVfcGljLmRqYW5nby43NTAuYzIifQ&_nc_ht=scontent-lhr8-2.cdninstagram.com&_nc_cat=101&_nc_oc=Q6cZ2QE1cOOVkC-PXkjA-Ski5cU_NLv22MckC6HFthhen8I0D_G85-sFmFiFkaigjoVAtSo&_nc_ohc=TKyiCgqxvokQ7kNvwGCAAfo&_nc_gid=JQ-BbzwTIFjno5pB7JXCGA&edm=AI-cjbYBAAAA&ccb=7-5&oh=00_AfY1xn4ERm934fYnx5HB3R47TRnUj3mYwbOArXNiuBrMSw&oe=68C752E7&_nc_sid=0985b0,17892098190323478,https://www.instagram.com/walter_acm,https://www.instagram.com/p/DMX8Q9Ny74P/c/17892098190323478
91,,catarina.almeida.ofc,,66994684208,"2025-09-06 22:19:53",0,"ㅅㄷ 므ㅐ",no,https://scontent-lhr8-2.cdninstagram.com/v/t51.2885-19/541923970_17906659875236209_2990852167736105979_n.jpg?stp=dst-jpg_s150x150_tt6&efg=eyJ2ZW5jb2RlX3RhZyI6InByb2ZpbGVfcGljLmRqYW5nby4xMDgwLmMyIn0&_nc_ht=scontent-lhr8-2.cdninstagram.com&_nc_cat=101&_nc_oc=Q6cZ2QE1cOOVkC-PXkjA-Ski5cU_NLv22MckC6HFthhen8I0D_G85-sFmFiFkaigjoVAtSo&_nc_ohc=v4qNaZXYuFoQ7kNvwFt-fDM&_nc_gid=JQ-BbzwTIFjno5pB7JXCGA&edm=AI-cjbYBAAAA&ccb=7-5&oh=00_AfYsgr7FvYGUs8EV0LNOC7XhEdnRUU5WS5xL2vSum-fJ-g&oe=68C778F9&_nc_sid=0985b0,17965295168797875,https://www.instagram.com/catarina.almeida.ofc,https://www.instagram.com/p/DMX8Q9Ny74P/c/17965295168797875
92,,bvrsg___,,66992321779,"2025-09-07 08:27:17",0,응원합니다🤜🤛,no,https://scontent-lhr8-2.cdninstagram.com/v/t51.2885-19/484225730_1206799000795110_8437815640994403561_n.jpg?stp=dst-jpg_s150x150_tt6&efg=eyJ2ZW5jb2RlX3RhZyI6InByb2ZpbGVfcGljLmRqYW5nby4xMDgwLmMyIn0&_nc_ht=scontent-lhr8-2.cdninstagram.com&_nc_cat=106&_nc_oc=Q6cZ2QE1cOOVkC-PXkjA-Ski5cU_NLv22MckC6HFthhen8I0D_G85-sFmFiFkaigjoVAtSo&_nc_ohc=Sv-KXHSduLUQ7kNvwE-clCa&_nc_gid=JQ-BbzwTIFjno5pB7JXCGA&edm=AI-cjbYBAAAA&ccb=7-5&oh=00_AfY9Cuvq9_PH4Zo5eH0bTjH0mbkEvJSfDoUzzY6BMuVQ8w&oe=68C75CA8&_nc_sid=0985b0,17921041164149508,https://www.instagram.com/bvrsg___,https://www.instagram.com/p/DMX8Q9Ny74P/c/17921041164149508
93,,laviniamariadelflores,,73106978444,"2025-09-07 21:34:58",0,"This industry should be ashamed of themselves, they are teenagers with big dreams.",no,https://scontent-lhr6-1.cdninstagram.com/v/t51.2885-19/538943730_17866831947434445_2453648393476669480_n.jpg?stp=dst-jpg_s150x150_tt6&efg=eyJ2ZW5jb2RlX3RhZyI6InByb2ZpbGVfcGljLmRqYW5nby43MDAuYzIifQ&_nc_ht=scontent-lhr6-1.cdninstagram.com&_nc_cat=109&_nc_oc=Q6cZ2QE1cOOVkC-PXkjA-Ski5cU_NLv22MckC6HFthhen8I0D_G85-sFmFiFkaigjoVAtSo&_nc_ohc=OTxBvqlDy0cQ7kNvwEiu86x&_nc_gid=JQ-BbzwTIFjno5pB7JXCGA&edm=AI-cjbYBAAAA&ccb=7-5&oh=00_AfZJGx28UdaQl164Bs5s7SVPjgDsRyJXwUDh3HLeHs6T8g&oe=68C76E53&_nc_sid=0985b0,18091230382685985,https://www.instagram.com/laviniamariadelflores,https://www.instagram.com/p/DMX8Q9Ny74P/c/18091230382685985
94,,ym_1113,,55948089938,"2025-09-07 23:17:44",0,"악플 좋아요 해명해",no,https://scontent-lhr8-2.cdninstagram.com/v/t51.2885-19/528751493_17974578983865939_2748127979466321909_n.jpg?stp=dst-jpg_s150x150_tt6&efg=eyJ2ZW5jb2RlX3RhZyI6InByb2ZpbGVfcGljLmRqYW5nby4xMDgwLmMyIn0&_nc_ht=scontent-lhr8-2.cdninstagram.com&_nc_cat=103&_nc_oc=Q6cZ2QE1cOOVkC-PXkjA-Ski5cU_NLv22MckC6HFthhen8I0D_G85-sFmFiFkaigjoVAtSo&_nc_ohc=ml--a_lWbhkQ7kNvwE1EOgS&_nc_gid=JQ-BbzwTIFjno5pB7JXCGA&edm=AI-cjbYBAAAA&ccb=7-5&oh=00_Afb5MjRgvrL6FpeT1mqj6LkKqanNW1sQJugFc1r2u3EmcA&oe=68C77F72&_nc_sid=0985b0,17865884094386321,https://www.instagram.com/ym_1113,https://www.instagram.com/p/DMX8Q9Ny74P/c/17865884094386321
95,,waterytheboy,,39165958687,"2025-09-08 01:47:10",0,"@kpopiumtv omg i love your work (loona)",no,https://scontent-lhr6-2.cdninstagram.com/v/t51.2885-19/503486909_18069254213310688_8817570070128652438_n.jpg?stp=dst-jpg_s150x150_tt6&efg=eyJ2ZW5jb2RlX3RhZyI6InByb2ZpbGVfcGljLmRqYW5nby4xMDgwLmMyIn0&_nc_ht=scontent-lhr6-2.cdninstagram.com&_nc_cat=104&_nc_oc=Q6cZ2QE1cOOVkC-PXkjA-Ski5cU_NLv22MckC6HFthhen8I0D_G85-sFmFiFkaigjoVAtSo&_nc_ohc=dfYgGWpIlysQ7kNvwFyy8kB&_nc_gid=JQ-BbzwTIFjno5pB7JXCGA&edm=AI-cjbYBAAAA&ccb=7-5&oh=00_AfZK03AOU6-A2MCSiJsbacgYtV4qK7GvhhOlT1Y067vLyg&oe=68C77D66&_nc_sid=0985b0,18054715115404808,https://www.instagram.com/waterytheboy,https://www.instagram.com/p/DMX8Q9Ny74P/c/18054715115404808
96,,idk22222442,,72763113171,"2025-09-08 06:44:40",0,"Need them!!😭💔",no,https://scontent-lhr6-2.cdninstagram.com/v/t51.2885-19/538979894_17869922277425172_413388364597288302_n.jpg?stp=dst-jpg_s150x150_tt6&efg=eyJ2ZW5jb2RlX3RhZyI6InByb2ZpbGVfcGljLmRqYW5nby4xMDgwLmMyIn0&_nc_ht=scontent-lhr6-2.cdninstagram.com&_nc_cat=100&_nc_oc=Q6cZ2QE1cOOVkC-PXkjA-Ski5cU_NLv22MckC6HFthhen8I0D_G85-sFmFiFkaigjoVAtSo&_nc_ohc=Ku1RX_Z3-vcQ7kNvwE37p8U&_nc_gid=JQ-BbzwTIFjno5pB7JXCGA&edm=AI-cjbYBAAAA&ccb=7-5&oh=00_AfbSuOoMhlxWQJ5RN6k8eSydd8VlGnEMhAYVKMyXu5gJUQ&oe=68C76D74&_nc_sid=0985b0,18095780095584956,https://www.instagram.com/idk22222442,https://www.instagram.com/p/DMX8Q9Ny74P/c/18095780095584956
97,,dobby_nur,,51199204717,"2025-09-08 16:20:19",0,"I miss you girls😢😢😢",no,https://scontent-lhr8-2.cdninstagram.com/v/t51.2885-19/485067575_669041499015162_4480128724441560153_n.jpg?stp=dst-jpg_s150x150_tt6&efg=eyJ2ZW5jb2RlX3RhZyI6InByb2ZpbGVfcGljLmRqYW5nby45NDAuYzIifQ&_nc_ht=scontent-lhr8-2.cdninstagram.com&_nc_cat=106&_nc_oc=Q6cZ2QE1cOOVkC-PXkjA-Ski5cU_NLv22MckC6HFthhen8I0D_G85-sFmFiFkaigjoVAtSo&_nc_ohc=uwkDk38xb2wQ7kNvwEMfOWs&_nc_gid=JQ-BbzwTIFjno5pB7JXCGA&edm=AI-cjbYBAAAA&ccb=7-5&oh=00_AfbmjpNdP5HNY0bhZh3_GmW4v4HTm_RzOxm-tNyTB-Q9yQ&oe=68C77B7D&_nc_sid=0985b0,18024958214720654,https://www.instagram.com/dobby_nur,https://www.instagram.com/p/DMX8Q9Ny74P/c/18024958214720654
98,,clou9_haloedskies,,37296905,"2025-09-09 14:30:55",0,"Win where it counts. Don't waste your brilliance on battles beneath you. Protect your energy, your talent, your youth.",no,https://scontent-lhr6-1.cdninstagram.com/v/t51.2885-19/511184044_18511658356048906_6282737155535147083_n.jpg?stp=dst-jpg_s150x150_tt6&efg=eyJ2ZW5jb2RlX3RhZyI6InByb2ZpbGVfcGljLmRqYW5nby4xMDgwLmMyIn0&_nc_ht=scontent-lhr6-1.cdninstagram.com&_nc_cat=110&_nc_oc=Q6cZ2QE1cOOVkC-PXkjA-Ski5cU_NLv22MckC6HFthhen8I0D_G85-sFmFiFkaigjoVAtSo&_nc_ohc=sMGOtP70wY0Q7kNvwGSp-FZ&_nc_gid=JQ-BbzwTIFjno5pB7JXCGA&edm=AI-cjbYBAAAA&ccb=7-5&oh=00_Afb632Ejpo1Ux4QqBTviRY8PTbyfMs9MyMxT26MXGlN4AQ&oe=68C77022&_nc_sid=0985b0,18098338444616966,https://www.instagram.com/clou9_haloedskies,https://www.instagram.com/p/DMX8Q9Ny74P/c/18098338444616966
99,,hong200315,,65433947310,"2025-09-09 17:57:34",0,"@i_want_my_earings_backk 你这low货可以继续😂",no,https://scontent-lhr6-2.cdninstagram.com/v/t51.2885-19/449838774_1164976494550164_5025921606738621737_n.jpg?stp=dst-jpg_s150x150_tt6&efg=eyJ2ZW5jb2RlX3RhZyI6InByb2ZpbGVfcGljLmRqYW5nby4xMDgwLmMyIn0&_nc_ht=scontent-lhr6-2.cdninstagram.com&_nc_cat=100&_nc_oc=Q6cZ2QE1cOOVkC-PXkjA-Ski5cU_NLv22MckC6HFthhen8I0D_G85-sFmFiFkaigjoVAtSo&_nc_ohc=jYo71hJMe3oQ7kNvwHh8bAN&_nc_gid=JQ-BbzwTIFjno5pB7JXCGA&edm=AI-cjbYBAAAA&ccb=7-5&oh=00_AfbZekpO4ZIZ7Em4auNdwwEZKfEAp_eptWjMKa20uuU3cA&oe=68C77EFE&_nc_sid=0985b0,18056496377608526,https://www.instagram.com/hong200315,https://www.instagram.com/p/DMX8Q9Ny74P/c/18056496377608526
100,,charlottsville,,68799706106,"2025-09-10 09:33:29",0,"WE LOVE AND MISS YOU NEWJEANS!!!!!!!!!!!!!!!!!!!!!!!!!",no,https://scontent-lhr8-1.cdninstagram.com/v/t51.2885-19/533166034_17893625235290107_5916102974077613671_n.jpg?stp=dst-jpg_s150x150_tt6&efg=eyJ2ZW5jb2RlX3RhZyI6InByb2ZpbGVfcGljLmRqYW5nby4xMDgwLmMyIn0&_nc_ht=scontent-lhr8-1.cdninstagram.com&_nc_cat=107&_nc_oc=Q6cZ2QE1cOOVkC-PXkjA-Ski5cU_NLv22MckC6HFthhen8I0D_G85-sFmFiFkaigjoVAtSo&_nc_ohc=tKTQuxuR7FUQ7kNvwFcB3WR&_nc_gid=JQ-BbzwTIFjno5pB7JXCGA&edm=AI-cjbYBAAAA&ccb=7-5&oh=00_AfaCTvD8LEUivmMCsdtjaNDs4VcAJFbkJ2CBrEl-quI7dw&oe=68C7731C&_nc_sid=0985b0,18098904364626710,https://www.instagram.com/charlottsville,https://www.instagram.com/p/DMX8Q9Ny74P/c/18098904364626710
